Username,size
rileyduckman,mega
thechosentvseries,mega
ezekielelliott,mega
shawnjohnson,mega
inagarten,mega
joeyb_9,mega
ballerinafarm,mega
shannonsharpe84,mega
hannahbrown,mega
stassischroeder,mega
tylerjcameron,mega
brittanyaldean,mega
horo.scopesdaily,mega
laur_akins,mega
joelle_fletcher,mega
theprettymess,mega
ozthementalist,mega
krista.horton,mega
friday.beers,mega
witneycarson,mega
myaplanet9,mega
christianmccaffrey,mega
hairby_chrissy,mega
codyrigsby,mega
jimmypolo10,mega
jadelizroper,mega
duggarfam,mega
chikalogy,mega
beccatilley,mega
wolfiesmom,mega
stevenrinella,mega
pattiegonia,makro
karrie_locher,makro
the_mommy_talks,makro
d1pop,makro
redturn2,makro
grew_up_in_the_70s_and_80s,makro
madissonhaus,makro
dynastyloveyou,makro
hannahberner,makro
sydelcurrylee,makro
balockaye.h,makro
amandakloots,makro
primal_gourmet,makro
remingtonavenue,makro
iamchrislane,makro
