,Username,created
0,0fficial.krissy,February 2019
1,1804jackboy,October 2016
2,1badmuthercutter,January 2019
3,1brentoncoxjr,August 2014
4,42_dugggg,October 2012
5,4everbrooke,March 2012
6,600breezy,May 2012
7,_4dak,October 2013
8,_djuice,May 2012
9,_famous4nothing,January 2013
10,_hairbytiffany_,January 2015
11,_micahparsons11,December 2012
12,_universe_of_brunette,
13,_yungblasiann,February 2012
14,abreg_1,April 2012
15,aggyabby,June 2015
16,albeeal201,July 2013
17,albertalmorajr,June 2012
18,alcarraway,June 2013
19,alejandro.barrios1,September 2011
20,alexandracooper,February 2012
21,allison_sadler_,April 2011
22,ally.warren,May 2011
23,amanda.galmiche,April 2012
24,amandakloots,November 2011
25,amaricooper9,October 2013
26,amberemilysmith,July 2011
27,amberharlan,July 2012
28,amyamybobamy,May 2016
29,andrepelzer_,April 2012
30,angelagentrybrown,January 2013
31,angelawolffashion,October 2012
32,annefrances,February 2012
33,anthonybarr,May 2012
34,ariejr,December 2011
35,armon.warren,August 2017
36,arrogant_tae123,May 2012
37,arrowsandbow,December 2013
38,ash.kaashh,April 2018
39,ashaiaa,March 2017
40,ashnicolelit,September 2014
41,askaboutaaj,February 2016
42,astarbydesign,April 2012
43,awwitskeweezy,July 2011
44,azramian,January 2013
45,baby_briiiannaa,July 2012
46,babyfaceray,May 2014
47,badazzflo,October 2012
48,baileymstewart,July 2011
49,ballerinafarm,December 2015
50,balockaye.h,June 2013
51,bankroll_pj,December 2014
52,bargain.hunting.blonde,July 2016
53,bbyeileen,October 2013
54,beautybyangelicaa,June 2015
55,beautybydcor,July 2014
56,beautybyhermosa,February 2015
57,beccatilley,July 2012
58,bettycombs,April 2012
59,bigsgjamo,February 2015
60,bleachedandblown,November 2011
61,bmrtwins1,November 2017
62,brandonlinder65,November 2012
63,bravothebagchaser,November 2012
64,brentfaiyaz,June 2014
65,bresheppard,February 2012
66,brittanyaldean,January 2012
67,brittneyyevettegriner,February 2013
68,calaiscampbell,March 2012
69,calenraps,December 2011
70,callmeskitzo,October 2011
71,camcardii,May 2012
72,caroline.anythingbutbasic,December 2014
73,carririchardson_,April 2013
74,caseypalmer,December 2010
75,cashgold24k,January 2018
76,cclaire.bbear,May 2014
77,cellyru,April 2012
78,chasechrisley,October 2012
79,chasedxpe,
80,chauncysmartt,October 2016
81,chikalogy,July 2011
82,chrisbharrison,April 2012
83,chrisjbukowski,July 2012
84,chrissylampkin,March 2012
85,christianmccaffrey,October 2012
86,christina_rome_,September 2015
87,christinesymondshair,March 2011
88,cinedirector,March 2013
89,clarencenyc,November 2011
90,claudwithnojob,August 2011
91,clipper_queen,October 2012
92,codyrigsby,February 2012
93,coleen_code_,December 2015
94,colorbyally,December 2011
95,colorwithgrace,January 2016
96,concepts.of.life.and.wellness,July 2017
97,conjuredhoodoo,November 2018
98,contactevie,June 2012
99,corierayvon,January 2012
100,cozmic.color,September 2014
101,cynthia_harper_,January 2015
102,d1pop,February 2012
103,da_realgent,March 2016
104,daisymarquez_,February 2011
105,damienprincejr,June 2015
106,dantebasco,June 2012
107,davidmichaelwyatt,January 2012
108,davonnedianne_,July 2015
109,dawnsmith_art,April 2014
110,dbuck_99,October 2012
111,dc_draino,December 2016
112,derekcarrqb,January 2014
113,deshaunwatson,July 2012
114,deyjahimani,January 2015
115,diorr,January 2019
116,djnish07,January 2016
117,dk14,July 2012
118,domowilsonmusic,February 2017
119,dr_milhizer,March 2018
120,drewphillips09,June 2012
121,duggarfam,November 2013
122,dynastyloveyou,July 2017
123,eagle_wmcm,March 2013
124,eatmah_kandy,August 2013
125,elizabethshealthylife,June 2018
126,elleriemarie,June 2015
127,elmafit_ish,
128,elonzae,January 2012
129,emmakapotes,December 2012
130,emmanuelacho,August 2012
131,ericakeelen_hair_love,February 2012
132,ericaleshai,March 2012
133,evettexo,December 2011
134,ezekielelliott,January 2012
135,famousanita,May 2022
136,filayyyy,July 2015
137,fiona.robert,November 2013
138,fitnessfoodiehealthy,January 2017
139,flash_garrett,April 2017
140,franvphillips,January 2012
141,freddylsx,July 2012
142,friday.beers,October 2019
143,gabelustman,May 2012
144,giavanniruffin,November 2011
145,gingerfitnessldn,September 2015
146,girlwithaboysname,April 2012
147,givemegabrielle,November 2011
148,glamhairbymarie,May 2012
149,glynnaiden,February 2013
150,going_boundless,March 2019
151,govkristinoem,June 2014
152,grew_up_in_the_70s_and_80s,December 2017
153,groverellisor,March 2012
154,gwennettawright,June 2012
155,hairandmakeupbydivina,April 2012
156,hairby_chrissy,October 2014
157,hairbypen,April 2014
158,hairbyshaylee,February 2013
159,haleyelexis_,April 2012
160,handsomefemalebarber,July 2014
161,hannahanderson___,July 2011
162,hannahberner,May 2013
163,hannahbrown,March 2012
164,hayyrize,May 2012
165,heatherkmcmahan,March 2012
166,heatheryacendahair,June 2011
167,hello.chantelle,June 2012
168,hellonecole,August 2011
169,heymadinelson,January 2013
170,homeschoolon,March 2015
171,honor_lamberty,August 2013
172,horo.scopesdaily,March 2015
173,iam_joshjacobs,September 2016
174,iamcharlesdavis,March 2015
175,iamchrislane,April 2012
176,iamj.i,October 2012
177,iamjoyaowens,December 2013
178,iamjustairi,October 2013
179,iammiajaye,September 2015
180,ibanghair,July 2012
181,iceman_nick,April 2012
182,imbadkidjay,March 2018
183,imkaylab,June 2013
184,immirahbadkid,June 2019
185,inagarten,June 2013
186,inayah,June 2012
187,influencerscreate,November 2011
188,isyglue,January 2015
189,its_angebaby,October 2017
190,itsbadkidtalan,May 2020
191,itsjuju,January 2012
192,jackiehillperry,January 2012
193,jadelizroper,November 2013
194,jakedufner,July 2014
195,janiameshell,May 2018
196,jaredgoff,April 2012
197,jasminebleu,April 2012
198,jasminejade,January 2017
199,jasminejun,April 2012
200,jaydayoungan,October 2012
201,jayrellis,July 2012
202,jayt23,January 2013
203,jbatgirlbattle,October 2012
204,jennyrisher,August 2013
205,jennywiththegoodeats,August 2013
206,jessiebrave,March 2013
207,jesstheebesttcolor,June 2013
208,jessykirson,July 2012
209,jew_booo,December 2011
210,jezzi.b,June 2012
211,jfigggs,March 2012
212,jhseidman,April 2014
213,jillcomesclean,January 2013
214,jimmypolo10,December 2012
215,jnglert,October 2012
216,joealmani,August 2012
217,joelle_fletcher,March 2012
218,joemainmixon,April 2017
219,joetattcruz,July 2018
220,joeyb_9,February 2014
221,johnmulaney,June 2012
222,johnnny_yamms3,December 2015
223,jonathandavissofficial,September 2012
224,jonrika_norwood_insuranceboss,April 2012
225,joshbrueckner,June 2013
226,joshua.aaron369719,May 2013
227,josiealesia,November 2015
228,joy4site,May 2017
229,joytaylortalks,November 2011
230,jrdguz,July 2013
231,jrsportbrief,May 2012
232,juice_landry,June 2014
233,julieertz,December 2011
234,just.chelcea,August 2011
235,justfish90,June 2013
236,k1,January 2012
237,karrie_locher,June 2012
238,katieemo,March 2012
239,katrinastepanianbennett,November 2015
240,kayla_benay,August 2011
241,keemachang,April 2019
242,kellysweetphoto,February 2012
243,kelsiejoymiller,March 2012
244,kersti.pitre,July 2015
245,keyglock,December 2014
246,killatrav,June 2011
247,kimikouture,February 2012
248,kingathlete,May 2014
249,kirapetilli,August 2012
250,kk.myloveenazir,February 2020
251,kollincarter,August 2012
252,kool.kiy,July 2017
253,krista.horton,November 2012
254,kylelarsonracin,February 2012
255,kyren.williams,April 2012
256,ladarius_marshall17,March 2013
257,lalakent,October 2014
258,landri_liftsalot,January 2012
259,lashontae,July 2011
260,last_king_2,February 2012
261,lastname_baker,December 2012
262,lasusie,December 2011
263,latainax3,December 2011
264,latewithkate,July 2014
265,laur_akins,March 2012
266,lauramgovan,March 2012
267,laurenelizabethburke,May 2012
268,laurenkostercreative,April 2012
269,leahmesser,September 2013
270,leighalane,May 2011
271,liat.a,November 2014
272,lightskinkeisha,April 2012
273,lilbibby_,October 2012
274,lilmeechbmf,August 2013
275,lindsaytarpley5,September 2014
276,livviedix,December 2011
277,lizagarza,January 2011
278,lizyjung,April 2012
279,lizzymusi,February 2012
280,lootypics,June 2012
281,luvenchanting,May 2012
282,luvvie,December 2010
283,lydia.0h.lydia,January 2018
284,lyndseyteresehair,July 2012
285,madeofegyptiangold,March 2014
286,madisonrally,May 2012
287,madissonhaus,August 2012
288,maggiegrigoryan,May 2012
289,majormindz,June 2014
290,makeupbyanab,August 2011
291,maliibumiitch,October 2011
292,malikc_3,August 2014
293,malloryervin,October 2012
294,mallorynikolaushome,June 2019
295,mariahthescientist,June 2011
296,marinaandthesummerday,April 2012
297,marinamonee,January 2014
298,marknormand,April 2014
299,marlenedizzle,January 2013
300,mathieu_era,January 2013
301,mauricebenard,October 2012
302,mccourtytwins,January 2012
303,meekalina_,October 2012
304,megancrawshaw,
305,melodieofthechains,September 2015
306,micahplath,June 2019
307,michelejaliene,April 2012
308,mignon_fof,February 2014
309,mikeevans,January 2012
310,mikeyquince,May 2016
311,milangarcon,August 2011
312,mixedego,February 2013
313,mizz_triggaa,
314,mollypate2,July 2012
315,monetarymindset_,July 2013
316,moneymenders,June 2017
317,mothica,November 2010
318,mre.soeur,March 2012
319,mrsmoniquesamuels,February 2016
320,ms_missy_miss,April 2012
321,msheatherrose,
322,myaplanet9,March 2012
323,mylifeaslilyj,August 2011
324,nanycarmen,December 2011
325,naomie_olindo,February 2012
326,nataliaissa,January 2012
327,natalieherbick,May 2014
328,nategawd,March 2012
329,navarro_college_cheer,September 2014
330,navygall,May 2012
331,nellynelmb,January 2014
332,nessnitty,April 2012
333,new_era8,December 2012
334,newporthairbytiffany,July 2012
335,nicoleknoblach,November 2013
336,nicolenagel__,January 2012
337,no.chill.gil,August 2013
338,nolimitherro,December 2012
339,noradababneh,September 2012
340,nursenacole,December 2011
341,officialmightyniecy,December 2016
342,omgheyrose,July 2011
343,onefunnylisamarie,August 2019
344,ottestyle,January 2015
345,ourgrayhairisbeautiful,April 2016
346,ozthementalist,March 2013
347,paige_desorbo,May 2012
348,painted.by.carolyn,September 2013
349,paolo5,August 2016
350,papiluisito,July 2015
351,paqjonathan,December 2013
352,pardi,September 2011
353,pardonmytake,February 2016
354,parkerferris,April 2012
355,parkermccollum,November 2012
356,pashadesigns,January 2012
357,pattiegonia,August 2018
358,peacewellnessandessentialoils,August 2013
359,personalisedhairdesign,October 2013
360,phenomenal,November 2013
361,philipp.christopher,March 2012
362,pilot_pete,December 2012
363,pitchersnation,January 2018
364,pnbrock,November 2012
365,poohshiesty,February 2013
366,prenatalfarmacist,March 2012
367,presidentmal,January 2012
368,primal_gourmet,June 2015
369,prinmidp_,April 2018
370,probablyshannonford,April 2022
371,qangel_rice,December 2011
372,quando_rondo,January 2017
373,queenkhamyra,March 2017
374,real_estate_chick,April 2012
375,realcj_,August 2012
376,redturn2,December 2011
377,reesemoney300,July 2012
378,regtoofunny,July 2012
379,remingtonavenue,July 2011
380,retro_jojo,November 2013
381,righteous_e,August 2015
382,rileyburruss,June 2012
383,rileyduckman,March 2013
384,rilleyymitchell,November 2016
385,robbiesimone,July 2012
386,rodrigueznicolea,December 2014
387,roobensoncredit,May 2019
388,roxannabarajas,August 2012
389,sabrina.bryan,October 2012
390,samglamm,January 2012
391,sammyrickey,June 2011
392,samuelmasonpaul,June 2018
393,sarekaunique,February 2014
394,sassyleesh,August 2011
395,sawyer_overway,December 2011
396,saycheesedigital,November 2018
397,sebastianmikael,January 2012
398,seevanessacraft,March 2011
399,shanellcedeno,November 2012
400,shannongunz,February 2011
401,shannonsaint,February 2012
402,shannonsharpe84,December 2013
403,sharife.cooper,November 2012
404,sharnaburgess,July 2012
405,shawnjohnson,November 2011
406,sheknowssports_,February 2013
407,showtyme_33,April 2012
408,sierraelizabethferrell,May 2017
409,simplylauriephotography,March 2016
410,singi.vo,April 2011
411,skyemorales,January 2016
412,slaybyella_,November 2015
413,slayedbysila_,May 2014
414,smiley_family_records,March 2021
415,social_snob,June 2012
416,songlistmusic,September 2012
417,springyjeans,October 2017
418,stassischroeder,February 2013
419,statikleo,December 2015
420,stavvybaby2,June 2017
421,steftraynor,
422,stevenguyen,October 2010
423,stevenrinella,October 2012
424,styledby_jocelyn,December 2014
425,stylishlystella,March 2012
426,sunisalee,June 2013
427,sweetmelissagrace,May 2012
428,sydelcurrylee,November 2011
429,sydneymclaughlin16,August 2016
430,sydnijfit,May 2012
431,t_smooth23,April 2012
432,taeadams,April 2012
433,tashatripphair,August 2013
434,taylor.selfridge,June 2012
435,tdlockett12,December 2012
436,teresakovalak,May 2014
437,the_mommy_talks,October 2017
438,the_nourishingproject,July 2017
439,the_typical_liberal,October 2014
440,thebatesfam,May 2014
441,thebenkaplan,November 2012
442,thechanelcartel,May 2015
443,thechosentvseries,March 2018
444,thedalialoc,April 2014
445,thehairstylish,June 2013
446,thehoodhealer,June 2013
447,thejasonivy,December 2012
448,thelaurencrocker,October 2011
449,themakeupexpert,November 2011
450,theniksters,December 2011
451,theprettymess,December 2011
452,therealaliwentworth,July 2017
453,therealcindyth0ngs,October 2012
454,therealkellycardenas,July 2011
455,thereallyricmichell,December 2014
456,therealtracibraxton,June 2012
457,therealxt,April 2018
458,therobinlynnstyle,July 2012
459,thesherylleeralph,May 2012
460,theyasminelopez,July 2016
461,thugginn,September 2011
462,tia_becca_,February 2012
463,tiffany_hbic_pollard,June 2013
464,tina.michaela.23,June 2017
465,traceyeedmonds,April 2012
466,traceyjeanne,August 2012
467,trevondiggs,June 2012
468,tyfry.3,October 2012
469,tylepley,June 2012
470,tylerinacoma,April 2012
471,tylerjcameron,December 2011
472,vanessagrimaldi30,January 2012
473,ventureswithtrav,October 2011
474,verenapuhm,March 2014
475,viva_glam_kay,November 2011
476,vixenblvd,January 2023
477,vtgesther,June 2011
478,watchingnewyork,July 2017
479,witneycarson,July 2011
480,wolfiesmom,April 2013
481,xtreme_heat,April 2012
482,yachecia,October 2012
483,yesidonails.thenorthsidebarbie,February 2012
484,yhung.chanel_,August 2018
485,yourbestiebecky,June 2019
486,yourrage,October 2012
487,yungeenace,February 2013
488,zachertz,April 2012
489,zeke.pike,April 2012
490,zonniquejailee,October 2011
