Instagram.URL,Instagram.Account,Instagram.Followers,size
https://instagram.com/famousanita,famousanita,2367,nano
https://instagram.com/influencerscreate,influencerscreate,1172,nano
https://instagram.com/hannahanderson___,hannahanderson___,4520,nano
https://instagram.com/yourbestiebecky,yourbestiebecky,4287,nano
https://instagram.com/beautybyangelicaa,beautybyangelicaa,9659,nano
https://instagram.com/jezzi.b,jezzi.b,9617,nano
https://instagram.com/chantelmaes,chantelmaes,8498,nano
http://www.instagram.com/liat.a,liat.a,9200,nano
http://www.instagram.com/seevanessacraft,seevanessacraft,9600,nano
http://www.instagram.com/robbiesimone,robbiesimone,8700,nano
http://www.instagram.com/dawnsmith_art,dawnsmith_art,8600,nano
http://www.instagram.com/jennywiththegoodeats,jennywiththegoodeats,9400,nano
http://www.instagram.com/yesidonails.thenorthsidebarbie,yesidonails.thenorthsidebarbie,9400,nano
http://www.instagram.com/katrinastepanianbennett,katrinastepanianbennett,8300,nano
http://www.instagram.com/sydnijfit,sydnijfit,8300,nano
http://www.instagram.com/elmafit_ish,elmafit_ish,8600,nano
http://www.instagram.com/joetattcruz,joetattcruz,8800,nano
http://www.instagram.com/angelawolffashion,angelawolffashion,8400,nano
http://www.instagram.com/andrepelzer_,andrepelzer_,8200,nano
http://www.instagram.com/_universe_of_brunette,_universe_of_brunette,9300,nano
http://www.instagram.com/groverellisor,groverellisor,9300,nano
http://www.instagram.com/mylifeaslilyj,mylifeaslilyj,8500,nano
http://www.instagram.com/joshua.aaron369719,joshua.aaron369719,8400,nano
http://www.instagram.com/thebenkaplan,thebenkaplan,9400,nano
http://www.instagram.com/samuelmasonpaul,samuelmasonpaul,9200,nano
http://www.instagram.com/the_nourishingproject,the_nourishingproject,5500,nano
http://www.instagram.com/fitnessfoodiehealthy,fitnessfoodiehealthy,6000,nano
http://www.instagram.com/kellysweetphoto,kellysweetphoto,6100,nano
http://www.instagram.com/thedalialoc,thedalialoc,5400,nano
http://www.instagram.com/prenatalfarmacist,prenatalfarmacist,5400,nano
http://www.instagram.com/amyamybobamy,amyamybobamy,5000,nano
http://www.instagram.com/joealmani,joealmani,5300,nano
http://www.instagram.com/real_estate_chick,real_estate_chick,5500,nano
http://www.instagram.com/cinedirector,cinedirector,5200,nano
http://www.instagram.com/lindsaytarpley5,lindsaytarpley5,5400,nano
http://www.instagram.com/elizabethshealthylife,elizabethshealthylife,5400,nano
http://www.instagram.com/jbatgirlbattle,jbatgirlbattle,6000,nano
http://www.instagram.com/megancrawshaw,megancrawshaw,5600,nano
http://www.instagram.com/simplylauriephotography,simplylauriephotography,5300,nano
http://www.instagram.com/jhseidman,jhseidman,5500,nano
http://www.instagram.com/astarbydesign,astarbydesign,5200,nano
http://www.instagram.com/peacewellnessandessentialoils,peacewellnessandessentialoils,5700,nano
http://www.instagram.com/sheknowssports_,sheknowssports_,5000,nano
http://www.instagram.com/jennyrisher,jennyrisher,5400,nano
http://www.instagram.com/roobensoncredit,roobensoncredit,5200,nano
http://www.instagram.com/keemachang,keemachang,5200,nano
http://www.instagram.com/jonrika_norwood_insuranceboss,jonrika_norwood_insuranceboss,5900,nano
http://www.instagram.com/majormindz,majormindz,6200,nano
http://www.instagram.com/caseypalmer,caseypalmer,5500,nano
http://www.instagram.com/nicolenagel__,nicolenagel__,6300,nano
http://www.instagram.com/mollypate2,mollypate2,6100,nano
http://www.instagram.com/landri_liftsalot,landri_liftsalot,5500,nano
http://www.instagram.com/marinamonee,marinamonee,6300,nano
http://www.instagram.com/djnish07,djnish07,6100,nano
http://www.instagram.com/dr_milhizer,dr_milhizer,6300,nano
http://www.instagram.com/ashnicolelit,ashnicolelit,5100,nano
http://www.instagram.com/ms_missy_miss,ms_missy_miss,6200,nano
http://www.instagram.com/thelaurencrocker,thelaurencrocker,5200,nano
http://www.instagram.com/laurenkostercreative,laurenkostercreative,5900,nano
http://www.instagram.com/teresakovalak,teresakovalak,5800,nano
http://www.instagram.com/mizz_triggaa,mizz_triggaa,6000,nano
http://www.instagram.com/sawyer_overway,sawyer_overway,5800,nano
http://www.instagram.com/ventureswithtrav,ventureswithtrav,6000,nano
http://www.instagram.com/angelagentrybrown,angelagentrybrown,6800,nano
http://www.instagram.com/glynnaiden,glynnaiden,6700,nano
http://www.instagram.com/songlistmusic,songlistmusic,8100,nano
http://www.instagram.com/moneymenders,moneymenders,7400,nano
http://www.instagram.com/pashadesigns,pashadesigns,7000,nano
http://www.instagram.com/righteous_e,righteous_e,7900,nano
http://www.instagram.com/jessiebrave,jessiebrave,6400,nano
http://www.instagram.com/maggiegrigoryan,maggiegrigoryan,7800,nano
https://instagram.com/rodrigueznicolea,rodrigueznicolea,7215,nano
http://www.instagram.com/monetarymindset_,monetarymindset_,7100,nano
http://www.instagram.com/alejandro.barrios1,alejandro.barrios1,7200,nano
http://www.instagram.com/sarekaunique,sarekaunique,6700,nano
http://www.instagram.com/smiley_family_records,smiley_family_records,6500,nano
http://www.instagram.com/cashgold24k,cashgold24k,7200,nano
http://www.instagram.com/verenapuhm,verenapuhm,7000,nano
http://www.instagram.com/just.chelcea,just.chelcea,6500,nano
http://www.instagram.com/tina.michaela.23,tina.michaela.23,6400,nano
http://www.instagram.com/fiona.robert,fiona.robert,6800,nano
http://www.instagram.com/chasedxpe,chasedxpe,6800,nano
http://www.instagram.com/madisonrally,madisonrally,6800,nano
http://www.instagram.com/lizagarza,lizagarza,6500,nano
http://www.instagram.com/hairandmakeupbydivina,hairandmakeupbydivina,7100,nano
http://www.instagram.com/yachecia,yachecia,7700,nano
http://www.instagram.com/concepts.of.life.and.wellness,concepts.of.life.and.wellness,7100,nano
http://www.instagram.com/navygall,navygall,7800,nano
http://www.instagram.com/therobinlynnstyle,therobinlynnstyle,7600,nano
http://www.instagram.com/melodieofthechains,melodieofthechains,6800,nano
http://www.instagram.com/gwennettawright,gwennettawright,7500,nano
http://www.instagram.com/steftraynor,steftraynor,6700,nano
http://www.instagram.com/lydia.0h.lydia,lydia.0h.lydia,6900,nano
http://www.instagram.com/ourgrayhairisbeautiful,ourgrayhairisbeautiful,6400,nano
http://www.instagram.com/iamjoyaowens,iamjoyaowens,6700,nano
http://www.instagram.com/social_snob,social_snob,6800,nano
http://www.instagram.com/mixedego,mixedego,6600,nano
http://www.instagram.com/da_realgent,da_realgent,7200,nano
http://www.instagram.com/haleyelexis_,haleyelexis_,7800,nano
http://www.instagram.com/elonzae,elonzae,7500,nano
http://www.instagram.com/kelsiejoymiller,kelsiejoymiller,7600,nano
https://instagram.com/sammyrickey,sammyrickey,41762,mikro
https://instagram.com/emmakapotes,emmakapotes,35268,mikro
https://instagram.com/nategawd,nategawd,40809,mikro
https://instagram.com/barbarab3cker,barbarab3cker,40945,mikro
https://instagram.com/glow_with_ola,glow_with_ola,40701,mikro
https://instagram.com/christinesymondshair,christinesymondshair,40519,mikro
https://instagram.com/clipper_queen,clipper_queen,40450,mikro
https://instagram.com/therealxt,therealxt,39912,mikro
https://instagram.com/cuomocromeans,cuomocromeans,38074,mikro
https://instagram.com/allison_sadler_,allison_sadler_,37341,mikro
https://instagram.com/painted.by.carolyn,painted.by.carolyn,37330,mikro
https://instagram.com/mikeyquince,mikeyquince,35487,mikro
https://instagram.com/bleachedandblown,bleachedandblown,35206,mikro
https://instagram.com/contactevie,contactevie,35174,mikro
https://instagram.com/amanda.galmiche,amanda.galmiche,34460,mikro
https://instagram.com/nursenacole,nursenacole,45273,mikro
https://instagram.com/milangarcon,milangarcon,46445,mikro
https://instagram.com/tylerinacoma,tylerinacoma,46433,mikro
https://instagram.com/kingathlete,kingathlete,49722,mikro
https://instagram.com/homeschoolon,homeschoolon,48236,mikro
https://instagram.com/rilleyymitchell,rilleyymitchell,45736,mikro
https://instagram.com/natalieherbick,natalieherbick,46866,mikro
https://instagram.com/philipp.christopher,philipp.christopher,49060,mikro
https://instagram.com/mre.soeur,mre.soeur,48544,mikro
https://instagram.com/kyren.williams,kyren.williams,48419,mikro
https://instagram.com/jesstheebesttcolor,jesstheebesttcolor,48090,mikro
https://instagram.com/stylishlystella,stylishlystella,46924,mikro
https://instagram.com/jew_booo,jew_booo,45354,mikro
https://instagram.com/marinaandthesummerday,marinaandthesummerday,45027,mikro
https://instagram.com/sassyleesh,sassyleesh,43360,mikro
https://instagram.com/caroline.anythingbutbasic,caroline.anythingbutbasic,43495,mikro
https://instagram.com/theniksters,theniksters,43406,mikro
https://instagram.com/hairbypen,hairbypen,42168,mikro
https://instagram.com/ally.warren,ally.warren,33459,mikro
https://instagram.com/colorbyally,colorbyally,33988,mikro
https://instagram.com/lasusie,lasusie,33118,mikro
https://instagram.com/justfish90,justfish90,32502,mikro
https://instagram.com/ericakeelen_hair_love,ericakeelen_hair_love,32474,mikro
https://instagram.com/heatheryacendahair,heatheryacendahair,32236,mikro
https://instagram.com/donnacowan,donnacowan,31050,mikro
https://instagram.com/lizyjung,lizyjung,31004,mikro
https://instagram.com/1alperennak,1alperennak,28461,mikro
https://instagram.com/colorwithgrace,colorwithgrace,30511,mikro
https://instagram.com/t_smooth23,t_smooth23,29121,mikro
https://instagram.com/cozmic.color,cozmic.color,28977,mikro
https://instagram.com/madeofegyptiangold,madeofegyptiangold,28764,mikro
https://instagram.com/staceylouisemills,staceylouisemills,28698,mikro
https://instagram.com/thehairstylish,thehairstylish,27831,mikro
https://instagram.com/tyfry.3,tyfry.3,27786,mikro
https://instagram.com/sweetmelissagrace,sweetmelissagrace,27723,mikro
https://instagram.com/malikc_3,malikc_3,27504,mikro
https://instagram.com/johnnny_yamms3,johnnny_yamms3,27061,mikro
https://instagram.com/singi.vo,singi.vo,26139,mikro
https://instagram.com/glamhairbymarie,glamhairbymarie,26033,mikro
https://instagram.com/franvphillips,franvphillips,23304,mikro
https://instagram.com/vixenblvd,vixenblvd,21216,mikro
https://instagram.com/ibanghair,ibanghair,19405,mikro
https://instagram.com/lootypics,lootypics,21019,mikro
https://instagram.com/honor_lamberty,honor_lamberty,21465,mikro
https://instagram.com/noradababneh,noradababneh,23691,mikro
https://instagram.com/beautybyhermosa,beautybyhermosa,20504,mikro
https://instagram.com/hairbyshaylee,hairbyshaylee,19912,mikro
https://instagram.com/bargain.hunting.blonde,bargain.hunting.blonde,19468,mikro
https://instagram.com/leighalane,leighalane,24548,mikro
https://instagram.com/shanellcedeno,shanellcedeno,19246,mikro
https://instagram.com/lyndseyteresehair,lyndseyteresehair,22244,mikro
https://instagram.com/_hairbytiffany_,_hairbytiffany_,21403,mikro
https://instagram.com/handsomefemalebarber,handsomefemalebarber,21038,mikro
https://instagram.com/therealkellycardenas,therealkellycardenas,24487,mikro
https://instagram.com/tashatripphair,tashatripphair,23905,mikro
https://instagram.com/livviedix,livviedix,23418,mikro
https://instagram.com/retro_jojo,retro_jojo,20770,mikro
https://instagram.com/1brentoncoxjr,1brentoncoxjr,19862,mikro
https://instagram.com/traceyjeanne,traceyjeanne,25202,mikro
https://instagram.com/roxannabarajas,roxannabarajas,24366,mikro
https://instagram.com/therealcindyth0ngs,therealcindyth0ngs,24661,mikro
https://instagram.com/vtgesther,vtgesther,21838,mikro
https://instagram.com/luna.lavey,luna.lavey,15500,mikro
https://instagram.com/gingerfitnessldn,gingerfitnessldn,10152,mikro
https://instagram.com/nicoleknoblach,nicoleknoblach,11319,mikro
https://instagram.com/themakeupexpert,themakeupexpert,10125,mikro
https://instagram.com/hayyrize,hayyrize,12843,mikro
https://instagram.com/beautybydcor,beautybydcor,16015,mikro
https://instagram.com/_hairista_,_hairista_,16955,mikro
https://instagram.com/kayla_benay,kayla_benay,10756,mikro
https://instagram.com/styledby_jocelyn,styledby_jocelyn,13305,mikro
https://instagram.com/personalisedhairdesign,personalisedhairdesign,14322,mikro
https://instagram.com/samglamm,samglamm,14908,mikro
https://instagram.com/slayedbysila_,slayedbysila_,10400,mikro
https://instagram.com/1badmuthercutter,1badmuthercutter,12388,mikro
https://instagram.com/brandonlinder65,brandonlinder65,17337,mikro
https://instagram.com/hello.chantelle,hello.chantelle,14832,mikro
https://instagram.com/jasminejun,jasminejun,15273,mikro
https://instagram.com/amberharlan,amberharlan,11978,mikro
https://instagram.com/newporthairbytiffany,newporthairbytiffany,17455,mikro
https://instagram.com/bettycombs,bettycombs,16425,mikro
https://instagram.com/makeupbyanab,makeupbyanab,13656,mikro
https://instagram.com/givemegabrielle,givemegabrielle,15679,mikro
https://instagram.com/nataliaissa,nataliaissa,12044,mikro
https://instagram.com/coleen_code_,coleen_code_,10640,mikro
https://instagram.com/heysharlamay,heysharlamay,67247,midtier
https://instagram.com/jessykirson,jessykirson,130409,midtier
https://instagram.com/shannongunz,shannongunz,137007,midtier
https://instagram.com/sebastianmikael,sebastianmikael,103013,midtier
https://instagram.com/kersti.pitre,kersti.pitre,132016,midtier
https://instagram.com/albertalmorajr,albertalmorajr,133078,midtier
https://instagram.com/jrsportbrief,jrsportbrief,118496,midtier
https://instagram.com/giavanniruffin,giavanniruffin,126751,midtier
https://instagram.com/eagle_wmcm,eagle_wmcm,126473,midtier
https://instagram.com/thechanelcartel,thechanelcartel,127539,midtier
https://instagram.com/bravothebagchaser,bravothebagchaser,217605,midtier
https://instagram.com/jnglert,jnglert,185407,midtier
https://instagram.com/statikleo,statikleo,226115,midtier
https://instagram.com/calaiscampbell,calaiscampbell,172519,midtier
https://instagram.com/mothica,mothica,204564,midtier
https://instagram.com/baby_briiiannaa,baby_briiiannaa,181198,midtier
https://instagram.com/badazzflo,badazzflo,206550,midtier
https://instagram.com/dbuck_99,dbuck_99,206490,midtier
https://instagram.com/chrisjbukowski,chrisjbukowski,227745,midtier
https://instagram.com/callmeskitzo,callmeskitzo,209186,midtier
https://instagram.com/calenraps,calenraps,159775,midtier
https://instagram.com/sierraelizabethferrell,sierraelizabethferrell,189044,midtier
https://instagram.com/davonnedianne_,davonnedianne_,190542,midtier
https://instagram.com/sabrina.bryan,sabrina.bryan,194110,midtier
https://instagram.com/bbyeileen,bbyeileen,143242,midtier
https://instagram.com/nellynelmb,nellynelmb,171064,midtier
https://instagram.com/anthonybarr,anthonybarr,166017,midtier
https://instagram.com/askaboutaaj,askaboutaaj,220596,midtier
https://instagram.com/christina_rome_,christina_rome_,227764,midtier
https://instagram.com/going_boundless,going_boundless,206540,midtier
https://instagram.com/cellyru,cellyru,148537,midtier
https://instagram.com/dantebasco,dantebasco,201547,midtier
https://instagram.com/onefunnylisamarie,onefunnylisamarie,219147,midtier
https://instagram.com/zeke.pike,zeke.pike,484890,midtier
https://instagram.com/iam_joshjacobs,iam_joshjacobs,499308,midtier
https://instagram.com/xtreme_heat,xtreme_heat,481876,midtier
https://instagram.com/kool.kiy,kool.kiy,483165,midtier
https://instagram.com/msheatherrose,msheatherrose,476982,midtier
https://instagram.com/thejasonivy,thejasonivy,422184,midtier
https://instagram.com/springyjeans,springyjeans,438908,midtier
https://instagram.com/itsjuju,itsjuju,473822,midtier
https://instagram.com/thebatesfam,thebatesfam,476802,midtier
https://instagram.com/mccourtytwins,mccourtytwins,417904,midtier
https://instagram.com/qangel_rice,qangel_rice,465105,midtier
https://instagram.com/showtyme_33,showtyme_33,430299,midtier
https://instagram.com/eatmah_kandy,eatmah_kandy,410196,midtier
https://instagram.com/nanycarmen,nanycarmen,452765,midtier
https://instagram.com/ottestyle,ottestyle,423129,midtier
https://instagram.com/0fficial.krissy,0fficial.krissy,450113,midtier
https://instagram.com/kimikouture,kimikouture,498460,midtier
https://instagram.com/mallorynikolaushome,mallorynikolaushome,496112,midtier
https://instagram.com/albeeal201,albeeal201,422377,midtier
https://instagram.com/freddylsx,freddylsx,410348,midtier
https://instagram.com/stevenguyen,stevenguyen,418299,midtier
https://instagram.com/luvvie,luvvie,495463,midtier
https://instagram.com/baileymstewart,baileymstewart,439012,midtier
https://instagram.com/_djuice,_djuice,334171,midtier
https://instagram.com/cynthia_harper_,cynthia_harper_,337060,midtier
https://instagram.com/therealaliwentworth,therealaliwentworth,335891,midtier
https://instagram.com/jayt23,jayt23,371173,midtier
https://instagram.com/iamcharlesdavis,iamcharlesdavis,407900,midtier
https://instagram.com/jaredgoff,jaredgoff,342017,midtier
https://instagram.com/traceyeedmonds,traceyeedmonds,337397,midtier
https://instagram.com/katieemo,katieemo,409551,midtier
https://instagram.com/joemainmixon,joemainmixon,386004,midtier
https://instagram.com/probablyshannonford,probablyshannonford,397042,midtier
https://instagram.com/shannonsaint,shannonsaint,326897,midtier
https://instagram.com/bankroll_pj,bankroll_pj,327492,midtier
https://instagram.com/iammiajaye,iammiajaye,377531,midtier
https://instagram.com/govkristinoem,govkristinoem,409121,midtier
https://instagram.com/kirapetilli,kirapetilli,387782,midtier
https://instagram.com/skyemorales,skyemorales,374797,midtier
https://instagram.com/micahplath,micahplath,399964,midtier
https://instagram.com/laurenelizabethburke,laurenelizabethburke,358264,midtier
https://instagram.com/pitchersnation,pitchersnation,353065,midtier
https://instagram.com/jillcomesclean,jillcomesclean,397829,midtier
https://instagram.com/stavvybaby2,stavvybaby2,400400,midtier
https://instagram.com/mteo50,mteo50,375210,midtier
https://instagram.com/lizzymusi,lizzymusi,320043,midtier
https://instagram.com/girlwithaboysname,girlwithaboysname,289483,midtier
https://instagram.com/ericaleshai,ericaleshai,261109,midtier
https://instagram.com/isyglue,isyglue,268661,midtier
https://instagram.com/bmrtwins1,bmrtwins1,310647,midtier
https://instagram.com/gabelustman,gabelustman,316863,midtier
https://instagram.com/mauricebenard,mauricebenard,311512,midtier
https://instagram.com/jasminebleu,jasminebleu,303009,midtier
https://instagram.com/amberemilysmith,amberemilysmith,271914,midtier
https://instagram.com/bigsgjamo,bigsgjamo,286198,midtier
https://instagram.com/conjuredhoodoo,conjuredhoodoo,263888,midtier
https://instagram.com/kylelarsonracin,kylelarsonracin,308350,midtier
https://instagram.com/latewithkate,latewithkate,249463,midtier
https://instagram.com/papiluisito,papiluisito,293242,midtier
https://instagram.com/parkerferris,parkerferris,309942,midtier
https://instagram.com/jrdguz,jrdguz,259257,midtier
https://instagram.com/awwitskeweezy,awwitskeweezy,232720,midtier
https://instagram.com/michelejaliene,michelejaliene,312589,midtier
https://instagram.com/marlenedizzle,marlenedizzle,291508,midtier
https://instagram.com/claudwithnojob,claudwithnojob,265473,midtier
https://instagram.com/mignon_fof,mignon_fof,313788,midtier
https://instagram.com/hellonecole,hellonecole,267398,midtier
https://instagram.com/kollincarter,kollincarter,311497,midtier
https://instagram.com/alcarraway,alcarraway,230797,midtier
https://instagram.com/drewphillips09,drewphillips09,532937,makro
https://instagram.com/davidmichaelwyatt,davidmichaelwyatt,596232,makro
https://instagram.com/maliibumiitch,maliibumiitch,529731,makro
https://instagram.com/elleriemarie,elleriemarie,526788,makro
https://instagram.com/pattiegonia,pattiegonia,503163,makro
https://instagram.com/kk.myloveenazir,kk.myloveenazir,541075,makro
https://instagram.com/nessnitty,nessnitty,509869,makro
https://instagram.com/officialmightyniecy,officialmightyniecy,510549,makro
https://instagram.com/josiealesia,josiealesia,545953,makro
https://instagram.com/karrie_locher,karrie_locher,589815,makro
https://instagram.com/meekalina_,meekalina_,518729,makro
https://instagram.com/thehoodhealer,thehoodhealer,501771,makro
https://instagram.com/yhung.chanel_,yhung.chanel_,575408,makro
https://instagram.com/ladarius_marshall17,ladarius_marshall17,562670,makro
https://instagram.com/diorr,diorr,551196,makro
https://instagram.com/joytaylortalks,joytaylortalks,588315,makro
https://instagram.com/itsbadkidtalan,itsbadkidtalan,531182,makro
https://instagram.com/chauncysmartt,chauncysmartt,512979,makro
https://instagram.com/the_mommy_talks,the_mommy_talks,592085,makro
https://instagram.com/d1pop,d1pop,504238,makro
https://instagram.com/jasminejade,jasminejade,628587,makro
https://instagram.com/_micahparsons11,_micahparsons11,694329,makro
https://instagram.com/iceman_nick,iceman_nick,625336,makro
https://instagram.com/omgheyrose,omgheyrose,610540,makro
https://instagram.com/saycheesedigital,saycheesedigital,662752,makro
https://instagram.com/its_angebaby,its_angebaby,601912,makro
https://instagram.com/redturn2,redturn2,663267,makro
https://instagram.com/tdlockett12,tdlockett12,614689,makro
https://instagram.com/mrsmoniquesamuels,mrsmoniquesamuels,670850,makro
https://instagram.com/grew_up_in_the_70s_and_80s,grew_up_in_the_70s_and_80s,627561,makro
https://instagram.com/bresheppard,bresheppard,682522,makro
https://instagram.com/brittneyyevettegriner,brittneyyevettegriner,684727,makro
https://instagram.com/imkaylab,imkaylab,622323,makro
https://instagram.com/madissonhaus,madissonhaus,664487,makro
https://instagram.com/ashaiaa,ashaiaa,619650,makro
https://instagram.com/_famous4nothing,_famous4nothing,658890,makro
https://instagram.com/dynastyloveyou,dynastyloveyou,603733,makro
https://instagram.com/yourrage,yourrage,628490,makro
https://instagram.com/hannahberner,hannahberner,620406,makro
https://instagram.com/tia_becca_,tia_becca_,656661,makro
https://instagram.com/zachertz,zachertz,713299,makro
https://instagram.com/navarro_college_cheer,navarro_college_cheer,715629,makro
https://instagram.com/cclaire.bbear,cclaire.bbear,718023,makro
https://instagram.com/paqjonathan,paqjonathan,730535,makro
https://instagram.com/sydelcurrylee,sydelcurrylee,709279,makro
https://instagram.com/balockaye.h,balockaye.h,703080,makro
https://instagram.com/phenomenal,phenomenal,725520,makro
https://instagram.com/arrowsandbow,arrowsandbow,775747,makro
https://instagram.com/amandakloots,amandakloots,732594,makro
https://instagram.com/mikeevans,mikeevans,704699,makro
https://instagram.com/vanessagrimaldi30,vanessagrimaldi30,708334,makro
https://instagram.com/lastname_baker,lastname_baker,788691,makro
https://instagram.com/abreg_1,abreg_1,725715,makro
https://instagram.com/flash_garrett,flash_garrett,731144,makro
https://instagram.com/heatherkmcmahan,heatherkmcmahan,742378,makro
https://instagram.com/pardonmytake,pardonmytake,750584,makro
https://instagram.com/therealtracibraxton,therealtracibraxton,784169,makro
https://instagram.com/naomie_olindo,naomie_olindo,733328,makro
https://instagram.com/joshbrueckner,joshbrueckner,764598,makro
https://instagram.com/regtoofunny,regtoofunny,768720,makro
https://instagram.com/ariejr,ariejr,833440,makro
https://instagram.com/realkkvsh,realkkvsh,895946,makro
https://instagram.com/derekcarrqb,derekcarrqb,857061,makro
https://instagram.com/azramian,azramian,858805,makro
https://instagram.com/marknormand,marknormand,879222,makro
https://instagram.com/chanjones55,chanjones55,802863,makro
https://instagram.com/sharife.cooper,sharife.cooper,859121,makro
https://instagram.com/trevondiggs,trevondiggs,849705,makro
https://instagram.com/amaricooper9,amaricooper9,853455,makro
https://instagram.com/jayrellis,jayrellis,889581,makro
https://instagram.com/paige_desorbo,paige_desorbo,842357,makro
https://instagram.com/rileyburruss,rileyburruss,839938,makro
https://instagram.com/jackiehillperry,jackiehillperry,842553,makro
https://instagram.com/thesherylleeralph,thesherylleeralph,821236,makro
https://instagram.com/heymadinelson,heymadinelson,897288,makro
https://instagram.com/paolo5,paolo5,850266,makro
https://instagram.com/tylepley,tylepley,853805,makro
https://instagram.com/prinmidp_,prinmidp_,823575,makro
https://instagram.com/primal_gourmet,primal_gourmet,840048,makro
https://instagram.com/remingtonavenue,remingtonavenue,806889,makro
https://instagram.com/iamchrislane,iamchrislane,913640,makro
https://instagram.com/babyfaceray,babyfaceray,946393,makro
https://instagram.com/pardi,pardi,962472,makro
https://instagram.com/emmanuelacho,emmanuelacho,944181,makro
https://instagram.com/tiffany_hbic_pollard,tiffany_hbic_pollard,953023,makro
https://instagram.com/rileyduckman,rileyduckman,995152,makro
https://instagram.com/jfigggs,jfigggs,903434,makro
https://instagram.com/taylor.selfridge,taylor.selfridge,934850,makro
https://instagram.com/luvenchanting,luvenchanting,926440,makro
https://instagram.com/watchingnewyork,watchingnewyork,921025,makro
https://instagram.com/thechosentvseries,thechosentvseries,995817,makro
https://instagram.com/lashontae,lashontae,954362,makro
https://instagram.com/julieertz,julieertz,948623,makro
https://instagram.com/corierayvon,corierayvon,923985,makro
https://instagram.com/sharnaburgess,sharnaburgess,980021,makro
https://instagram.com/no.chill.gil,no.chill.gil,932459,makro
https://instagram.com/presidentmal,presidentmal,912348,makro
https://instagram.com/parkermccollum,parkermccollum,905980,makro
https://instagram.com/malloryervin,malloryervin,908223,makro
https://instagram.com/realcj_,realcj_,931139,makro
https://instagram.com/pnbrock,pnbrock,2900010,mega
https://instagram.com/poohshiesty,poohshiesty,3389925,mega
https://instagram.com/clarencenyc,clarencenyc,3312050,mega
https://instagram.com/lightskinkeisha,lightskinkeisha,2906638,mega
https://instagram.com/leahmesser,leahmesser,3003404,mega
https://instagram.com/ezekielelliott,ezekielelliott,2859535,mega
https://instagram.com/keyglock,keyglock,2890599,mega
https://instagram.com/jaydayoungan,jaydayoungan,2864776,mega
https://instagram.com/ash.kaashh,ash.kaashh,3198036,mega
https://instagram.com/new_era8,new_era8,3189218,mega
https://instagram.com/shawnjohnson,shawnjohnson,3802681,mega
https://instagram.com/janiameshell,janiameshell,3408583,mega
https://instagram.com/brentfaiyaz,brentfaiyaz,3402051,mega
https://instagram.com/inagarten,inagarten,3911523,mega
https://instagram.com/jonathandavissofficial,jonathandavissofficial,3550705,mega
https://instagram.com/yungeenace,yungeenace,3590811,mega
https://instagram.com/zonniquejailee,zonniquejailee,3875711,mega
https://instagram.com/quando_rondo,quando_rondo,3883144,mega
https://instagram.com/joeyb_9,joeyb_9,3838657,mega
https://instagram.com/ballerinafarm,ballerinafarm,3433773,mega
https://instagram.com/domowilsonmusic,domowilsonmusic,2727412,mega
https://instagram.com/shannonsharpe84,shannonsharpe84,2551993,mega
https://instagram.com/lilbibby_,lilbibby_,2290959,mega
https://instagram.com/hannahbrown,hannahbrown,2701706,mega
https://instagram.com/alexandracooper,alexandracooper,2355360,mega
https://instagram.com/stassischroeder,stassischroeder,2775985,mega
https://instagram.com/tylerjcameron,tylerjcameron,2254170,mega
https://instagram.com/brittanyaldean,brittanyaldean,2431613,mega
https://instagram.com/horo.scopesdaily,horo.scopesdaily,2681748,mega
https://instagram.com/laur_akins,laur_akins,2749170,mega
https://instagram.com/slaybyella_,slaybyella_,2301301,mega
https://instagram.com/joelle_fletcher,joelle_fletcher,2673466,mega
https://instagram.com/carririchardson_,carririchardson_,2294608,mega
https://instagram.com/arrogant_tae123,arrogant_tae123,2479467,mega
https://instagram.com/dc_draino,dc_draino,2362360,mega
https://instagram.com/the_typical_liberal,the_typical_liberal,2722376,mega
https://instagram.com/latainax3,latainax3,2733146,mega
https://instagram.com/armon.warren,armon.warren,2379865,mega
https://instagram.com/theprettymess,theprettymess,2557229,mega
https://instagram.com/ozthementalist,ozthementalist,2510879,mega
https://instagram.com/jakedufner,jakedufner,2449024,mega
https://instagram.com/filayyyy,filayyyy,2209125,mega
https://instagram.com/juice_landry,juice_landry,2308181,mega
https://instagram.com/nolimitherro,nolimitherro,2284429,mega
https://instagram.com/_4dak,_4dak,2265069,mega
https://instagram.com/sunisalee,sunisalee,1728491,mega
https://instagram.com/chrissylampkin,chrissylampkin,2031989,mega
https://instagram.com/imbadkidjay,imbadkidjay,1935619,mega
https://instagram.com/krista.horton,krista.horton,1676357,mega
https://instagram.com/daisymarquez_,daisymarquez_,1906849,mega
https://instagram.com/friday.beers,friday.beers,1979523,mega
https://instagram.com/thugginn,thugginn,1859690,mega
https://instagram.com/johnmulaney,johnmulaney,1956270,mega
https://instagram.com/last_king_2,last_king_2,1701098,mega
https://instagram.com/killatrav,killatrav,1833164,mega
https://instagram.com/witneycarson,witneycarson,1615521,mega
https://instagram.com/iamj.i,iamj.i,2107879,mega
https://instagram.com/damienprincejr,damienprincejr,1657639,mega
https://instagram.com/1804jackboy,1804jackboy,2086598,mega
https://instagram.com/myaplanet9,myaplanet9,1977661,mega
https://instagram.com/deyjahimani,deyjahimani,1767780,mega
https://instagram.com/lilmeechbmf,lilmeechbmf,2029424,mega
https://instagram.com/annefrances,annefrances,1864482,mega
https://instagram.com/inayah,inayah,2076022,mega
https://instagram.com/4everbrooke,4everbrooke,1775224,mega
https://instagram.com/mathieu_era,mathieu_era,1689597,mega
https://instagram.com/thereallyricmichell,thereallyricmichell,1631462,mega
https://instagram.com/lalakent,lalakent,1766466,mega
https://instagram.com/christianmccaffrey,christianmccaffrey,1803576,mega
https://instagram.com/reesemoney300,reesemoney300,1667415,mega
https://instagram.com/42_dugggg,42_dugggg,2165208,mega
https://instagram.com/queenkhamyra,queenkhamyra,1601470,mega
https://instagram.com/dk14,dk14,1808509,mega
https://instagram.com/hairby_chrissy,hairby_chrissy,1132727,mega
https://instagram.com/codyrigsby,codyrigsby,1337238,mega
https://instagram.com/joy4site,joy4site,1108924,mega
https://instagram.com/jimmypolo10,jimmypolo10,1409692,mega
https://instagram.com/jadelizroper,jadelizroper,1414487,mega
https://instagram.com/evettexo,evettexo,1206436,mega
https://instagram.com/mariahthescientist,mariahthescientist,1235626,mega
https://instagram.com/lauramgovan,lauramgovan,1436140,mega
https://instagram.com/camcardii,camcardii,1206790,mega
https://instagram.com/viva_glam_kay,viva_glam_kay,1239721,mega
https://instagram.com/pilot_pete,pilot_pete,1479089,mega
https://instagram.com/deshaunwatson,deshaunwatson,1448578,mega
https://instagram.com/taeadams,taeadams,1288979,mega
https://instagram.com/chrisbharrison,chrisbharrison,1257285,mega
https://instagram.com/600breezy,600breezy,1175068,mega
https://instagram.com/duggarfam,duggarfam,1276552,mega
https://instagram.com/chasechrisley,chasechrisley,1368106,mega
https://instagram.com/_yungblasiann,_yungblasiann,1115860,mega
https://instagram.com/chikalogy,chikalogy,1086410,mega
https://instagram.com/k1,k1,1367035,mega
https://instagram.com/beccatilley,beccatilley,1142490,mega
https://instagram.com/theyasminelopez,theyasminelopez,1284624,mega
https://instagram.com/aggyabby,aggyabby,1047728,mega
https://instagram.com/sydneymclaughlin16,sydneymclaughlin16,1119114,mega
https://instagram.com/wolfiesmom,wolfiesmom,1194315,mega
https://instagram.com/stevenrinella,stevenrinella,1176097,mega
https://instagram.com/iamjustairi,iamjustairi,1124534,mega
https://instagram.com/immirahbadkid,immirahbadkid,1557941,mega
