FlagshipSocialNetwork,IN_NumOfAccounts,"Instagram URL","Instagram Followers",IG_Total_Posts
youtube,1,https://instagram.com/loganthirtyacre,501319,728
youtube,1,https://instagram.com/jesser,915863,727
tiktok,1,https://instagram.com/splash.twinz,779845,383
tiktok,1,https://instagram.com/spencewuah,623854,261
tiktok,1,https://instagram.com/sydney_morgan,538208,822
tiktok,1,https://instagram.com/jeremyfromtiktok,799161,2220
tiktok,1,https://instagram.com/billyvsco,529032,900
tiktok,2,https://instagram.com/trailertrashtammyy,613923,1188
tiktok,1,https://instagram.com/stalekracker_official,643326,610
tiktok,1,https://instagram.com/itsromeswrld,686278,206
tiktok,1,https://instagram.com/emmanorts,503534,460
youtube,1,https://instagram.com/omar,527161,270
youtube,1,https://instagram.com/brandonbored,972027,2323
tiktok,1,https://instagram.com/bbygshai,501091,294
tiktok,1,https://instagram.com/kirstentitus,850733,262
tiktok,2,https://instagram.com/mexicansproblemas,2368694,9959
tiktok,1,https://instagram.com/westengw,890182,228
tiktok,1,https://instagram.com/drewafualo,895271,628
tiktok,1,https://instagram.com/undos,502189,146
tiktok,1,https://instagram.com/jessiemurphhh,676156,457
tiktok,1,https://instagram.com/frankielap,880387,520
tiktok,1,https://instagram.com/britneyyy.official,1066278,289
tiktok,1,https://instagram.com/kelz,705832,141
tiktok,1,https://instagram.com/ironsanctuary,545736,732
tiktok,1,https://instagram.com/challxn,521527,204
tiktok,1,https://instagram.com/theowisseh,663707,212
tiktok,1,https://instagram.com/terrryreloaded,636225,757
facebook,1,https://instagram.com/edbassmaster,985042,2124
tiktok,1,https://instagram.com/brycemckenzie,737931,277
tiktok,1,https://instagram.com/charlieberens,799038,1786
tiktok,1,https://instagram.com/lowcarbstateofmind,771301,393
tiktok,1,https://instagram.com/devynwinkler,582714,308
youtube,1,https://instagram.com/iamakademiks,616284,324
tiktok,2,https://instagram.com/creationsross,760550,115
facebook,1,https://instagram.com/iamdsprings,617243,409
twitch,1,https://instagram.com/hasandpiker,929981,1460
tiktok,1,https://instagram.com/d.getzbucks,766046,323
tiktok,2,https://instagram.com/ipautorres,688435,411
tiktok,1,https://instagram.com/mattiapolibio,861385,125
facebook,1,https://instagram.com/theholdernessfamily,853259,1912
tiktok,1,https://instagram.com/connor.dewolfe,741807,347
tiktok,1,https://instagram.com/sofiiiiagomez,655079,303
youtube,2,https://instagram.com/berleezy,927333,103
tiktok,1,https://instagram.com/chrissychlapecka,583978,567
tiktok,1,https://instagram.com/stanzipotenza,595380,706
tiktok,1,https://instagram.com/vibin.wit.tay,534169,289
youtube,1,https://instagram.com/iamkrislondon,815320,444
youtube,2,https://instagram.com/supereeego,561893,505
facebook,1,https://instagram.com/realwilliebosshog,662206,223
tiktok,1,https://instagram.com/thekidke_,515304,111
youtube,1,https://instagram.com/p2isthename,675254,150
tiktok,1,https://instagram.com/allieschnacky,722729,1566
tiktok,1,https://instagram.com/cherdleys,673597,287
tiktok,1,https://instagram.com/realdockery,599005,251
tiktok,1,https://instagram.com/tiahranelson,641265,40
tiktok,1,https://instagram.com/bramty,982410,243
tiktok,1,https://instagram.com/emmamarie,681629,375
tiktok,1,https://instagram.com/itsoraida,640944,80
tiktok,1,https://instagram.com/itsjmaine,968093,1111
tiktok,1,https://instagram.com/carson.roney,525852,326
tiktok,1,https://instagram.com/rollitupk,891329,1838
tiktok,1,https://instagram.com/tasiaalexis,805980,465
tiktok,1,https://instagram.com/petervigilante,546894,304
twitter,1,https://instagram.com/tulsigabbard,788367,2351
tiktok,1,https://instagram.com/sirthestar,599359,372
tiktok,2,https://instagram.com/alxjames,766829,974
facebook,1,https://instagram.com/mat_best_official,999528,303
tiktok,1,https://instagram.com/emily.fauver,659008,1617
tiktok,1,https://instagram.com/emmalangevinxo,878635,38
youtube,1,https://instagram.com/cowboykentrollins,915058,1693
tiktok,1,https://instagram.com/heytonytv,622640,1339
tiktok,1,https://instagram.com/christianrlocke,567575,913
facebook,1,https://instagram.com/grahamallen1,890625,803
tiktok,1,https://instagram.com/hannnahhtaylor,662067,392
tiktok,2,https://instagram.com/gm__golf,694110,833
youtube,1,https://instagram.com/smoothgio,938175,201
tiktok,1,https://instagram.com/nataliefriedman,951008,1117
tiktok,1,https://instagram.com/gabriellannalisa,611336,102
tiktok,1,https://instagram.com/santea__,508718,206
tiktok,1,https://instagram.com/zarbruh,546622,118
youtube,1,https://instagram.com/mayratouchofglam,605048,1326
tiktok,1,https://instagram.com/johnstontwinss,796352,180
tiktok,1,https://instagram.com/acebking,550277,547
tiktok,1,https://instagram.com/meena,735718,1235
tiktok,1,https://instagram.com/leekjack,749976,81
twitter,1,https://instagram.com/kimberlyguilfoyle,836096,823
youtube,1,https://instagram.com/fishing_with_flair,754840,1072
youtube,1,https://instagram.com/solluminati,719547,2
instagram,3,https://instagram.com/horo.scopesdaily,2681748,5981
tiktok,1,https://instagram.com/emelylhernandez,506988,211
tiktok,1,https://instagram.com/yurilamasbella,601423,597
facebook,1,https://instagram.com/melaniefiona,656947,712
youtube,1,https://instagram.com/sarahbaskaa,613868,353
tiktok,1,https://instagram.com/bradypotter,509006,113
tiktok,1,https://instagram.com/jackbono02,534181,61
tiktok,1,https://instagram.com/overtimemegan,526344,150
tiktok,1,https://instagram.com/onestopchop_,806182,489
twitter,1,https://instagram.com/joyannreid,528872,6239
tiktok,1,https://instagram.com/devonpalmer,709877,328
tiktok,1,https://instagram.com/chrisdcomedy,575254,2914
twitter,1,https://instagram.com/realzakbagans,963314,1065
tiktok,2,https://instagram.com/gabrielle_moses,601388,550
tiktok,2,https://instagram.com/kesley_leroy,541976,494
tiktok,1,https://instagram.com/bankrolhayden,708930,91
facebook,1,https://instagram.com/nurse.blake,959696,741
youtube,1,https://instagram.com/jonbrollin,633693,1228
facebook,1,https://instagram.com/lazofficial,922901,2871
tiktok,1,https://instagram.com/nishcooks,657706,273
tiktok,1,https://instagram.com/lindseygurk,745437,2700
twitter,1,https://instagram.com/terrencekwilliams,796058,2376
instagram,1,https://instagram.com/rileyduckman,995152,759
facebook,1,https://instagram.com/marcusluttrell,737542,448
tiktok,1,https://instagram.com/mrdtimes3,652530,1307
youtube,1,https://instagram.com/pontiacmadeteetee,947995,79
tiktok,1,https://instagram.com/macy.blackwell,894929,1372
facebook,1,https://instagram.com/z_ro,598123,1202
youtube,1,https://instagram.com/iamtonytalks,622489,1053
tiktok,1,https://instagram.com/cherrychy_,789751,342
youtube,1,https://instagram.com/dymondsflawlesss,903983,550
facebook,1,https://instagram.com/biancalovesmakeup91,655067,1898
instagram,1,https://instagram.com/gabbybarrett_,849003,593
instagram,1,https://instagram.com/cj_on_32s,706023,2590
tiktok,1,https://instagram.com/_nickbriz,528624,58
youtube,1,https://instagram.com/k.ilisi,586126,424
youtube,1,https://instagram.com/_mrmakeithappen_,684277,1275
tiktok,1,https://instagram.com/queensimba,598184,665
facebook,1,https://instagram.com/jackeeharry,566273,717
tiktok,1,https://instagram.com/desfrvr,603359,55
youtube,1,https://instagram.com/elfanum,910238,33
tiktok,1,https://instagram.com/taymoneyduh,547201,461
tiktok,1,https://instagram.com/mariaestella_xo,593806,3753
instagram,1,https://instagram.com/kris_bryant17,961926,242
youtube,1,https://instagram.com/_sleepyhallow_,786095,7
youtube,1,https://instagram.com/shermantheverman,684267,517
facebook,1,https://instagram.com/emilygmaynard,650205,825
instagram,1,https://instagram.com/oliviag0ld,1001900,277
youtube,1,https://instagram.com/arnell.armon,706622,74
youtube,1,https://instagram.com/chloeglasss,768576,196
instagram,1,https://instagram.com/iamchrislane,913640,899
instagram,1,https://instagram.com/parkermccollum,905980,1234
tiktok,1,https://instagram.com/marleydancingirl,650567,670
youtube,1,https://instagram.com/nickbarefitness,806221,2404
instagram,1,https://instagram.com/presidentmal,912348,340
instagram,1,https://instagram.com/sheff_g,995588,108
instagram,1,https://instagram.com/yoatzi,829019,566
tiktok,1,https://instagram.com/natashabure,590097,252
instagram,1,https://instagram.com/abreg_1,725715,160
instagram,1,https://instagram.com/ann_ette69,809457,714
youtube,1,https://instagram.com/fleccas,531657,1051
tiktok,1,https://instagram.com/amanda.sorensen12,747749,550
instagram,1,https://instagram.com/icewear_vezzo,939675,90
instagram,1,https://instagram.com/corierayvon,923985,871
youtube,1,https://instagram.com/is0kenny,610560,522
tiktok,1,https://instagram.com/laineywilsonmusic,875620,2883
instagram,1,https://instagram.com/jfigggs,903434,797
youtube,1,https://instagram.com/miloxor,691184,78
instagram,2,https://instagram.com/jordanklepper,506733,229
instagram,1,https://instagram.com/youngnudy,985465,6
instagram,2,https://instagram.com/jayrellis,889581,1943
instagram,1,https://instagram.com/prinmidp_,823575,77
tiktok,1,https://instagram.com/louuuyoung,570175,1022
instagram,1,https://instagram.com/cantguardmike,945014,12
instagram,1,https://instagram.com/realpatrickpeterson,751388,1377
instagram,1,https://instagram.com/pardonmytake,750584,10283
instagram,1,https://instagram.com/iamashleyroberts,701887,498
instagram,1,https://instagram.com/sharnaburgess,980021,2010
instagram,1,https://instagram.com/lovelyseven,758708,94
instagram,1,https://instagram.com/_giagiudice,879433,218
instagram,1,https://instagram.com/zachertz,713299,355
instagram,1,https://instagram.com/derekcarrqb,857061,778
instagram,1,https://instagram.com/regtoofunny,768720,844
instagram,2,https://instagram.com/carrieanninaba,537334,3728
twitter,1,https://instagram.com/michaelirvin88,569245,1157
instagram,1,https://instagram.com/theemmaslater,802165,3511
youtube,1,https://instagram.com/tiarramonet,569221,1196
instagram,1,https://instagram.com/hardy,925240,787
instagram,1,https://instagram.com/pb_the_goat_merch,974550,4736
instagram,1,https://instagram.com/drewphillips09,532937,660
instagram,1,https://instagram.com/brittneyyevettegriner,684727,55
instagram,1,https://instagram.com/babyfaceray,946393,36
instagram,1,https://instagram.com/drea.twin,993001,3
instagram,1,https://instagram.com/kanekongg,608640,165
instagram,1,https://instagram.com/tiffany_hbic_pollard,953023,934
instagram,1,https://instagram.com/jongordon11,554387,7010
instagram,1,https://instagram.com/bigticket_j13,621111,42
instagram,1,https://instagram.com/lashontae,954362,761
instagram,1,https://instagram.com/caconover,891058,831
instagram,1,https://instagram.com/rileyburruss,839938,60
instagram,1,https://instagram.com/mrjasonowilson,708865,764
instagram,1,https://instagram.com/lindsiechrisley,674289,48
instagram,1,https://instagram.com/jonica,792231,714
instagram,1,https://instagram.com/malloryervin,908223,2683
instagram,1,https://instagram.com/samanthaponder,604694,1458
instagram,1,https://instagram.com/ariejr,833440,1176
instagram,1,https://instagram.com/thewillwitt,520237,857
instagram,1,https://instagram.com/malinsworld,720493,1204
instagram,1,https://instagram.com/jackiehillperry,842553,2359
instagram,1,https://instagram.com/realkkvsh,895946,174
instagram,1,https://instagram.com/yungjoc650,714871,1868
instagram,1,https://instagram.com/brittaniborenleach,797343,1839
instagram,1,https://instagram.com/sarahknuth,997246,5692
instagram,1,https://instagram.com/amaricooper9,853455,81
instagram,1,https://instagram.com/jaydekamille_,727717,1793
instagram,1,https://instagram.com/_evess,592669,188
instagram,1,https://instagram.com/prettyluhhazel,520479,2
instagram,1,https://instagram.com/thechosentvseries,995817,1730
instagram,1,https://instagram.com/kimblehaircare,517114,2055
instagram,1,https://instagram.com/therealcharlieclips,667686,614
instagram,1,https://instagram.com/stephhollman,614492,2752
instagram,1,https://instagram.com/kathryndennis,973380,1352
instagram,1,https://instagram.com/dynastyloveyou,603733,605
instagram,1,https://instagram.com/comestayawhile,969639,681
instagram,1,https://instagram.com/riodayung0g,590958,7
instagram,1,https://instagram.com/foogiano,962949,17
instagram,1,https://instagram.com/pardi,962472,245
instagram,1,https://instagram.com/_famous4nothing,658890,977
instagram,1,https://instagram.com/_naturallystacked_,921092,93
instagram,1,https://instagram.com/skweezy4real,523432,2331
instagram,1,https://instagram.com/julieertz,948623,989
instagram,1,https://instagram.com/lola.brooke,845911,150
instagram,1,https://instagram.com/_antwainsworld,681678,895
instagram,1,https://instagram.com/emmanuelacho,944181,365
instagram,1,https://instagram.com/canbharri,526582,869
instagram,1,https://instagram.com/justinsaiyann,938904,429
instagram,1,https://instagram.com/minibvrbie,909344,31
instagram,1,https://instagram.com/deadboylife,680436,501
instagram,1,https://instagram.com/_seniamariee,518000,51
instagram,1,https://instagram.com/itati3211,918873,728
instagram,1,https://instagram.com/taylor.selfridge,934850,291
instagram,1,https://instagram.com/no.chill.gil,932459,649
instagram,1,https://instagram.com/realcj_,931139,74
instagram,1,https://instagram.com/julietteporter,822868,494
instagram,1,https://instagram.com/luvenchanting,926440,172
instagram,1,https://instagram.com/ashaiaa,619650,30
instagram,1,https://instagram.com/watchingnewyork,921025,1765
instagram,1,https://instagram.com/sarahplevy,682009,556
instagram,1,https://instagram.com/kelseykreppel,910817,415
instagram,1,https://instagram.com/mikeevans,704699,179
instagram,1,https://instagram.com/heymadinelson,897288,714
instagram,1,https://instagram.com/shorelinemafia,904828,62
instagram,1,https://instagram.com/redturn2,663267,1672
instagram,1,https://instagram.com/thealixlapri,688689,245
instagram,1,https://instagram.com/mamii_es,564274,66
instagram,1,https://instagram.com/desariana,884759,246
instagram,1,https://instagram.com/nbsmallerbear,879360,496
instagram,1,https://instagram.com/marknormand,879222,1867
instagram,1,https://instagram.com/vlexgalindo,659371,396
instagram,1,https://instagram.com/matt_mathews,852749,2832
instagram,1,https://instagram.com/philip_or_flop,872447,289
instagram,1,https://instagram.com/alexa.anglin,870300,1337
instagram,1,https://instagram.com/macjones_10,679669,44
instagram,1,https://instagram.com/muahbribri,864900,2052
instagram,1,https://instagram.com/realsophiegrace,845221,317
instagram,1,https://instagram.com/tylepley,853805,202
instagram,1,https://instagram.com/sharife.cooper,859121,195
instagram,1,https://instagram.com/dcthedon,528869,31
instagram,1,https://instagram.com/azramian,858805,513
instagram,1,https://instagram.com/simoncholland,685922,2664
instagram,1,https://instagram.com/chaseyoung,853611,285
instagram,1,https://instagram.com/carlaciagrant,852237,165
instagram,1,https://instagram.com/paolo5,850266,50
instagram,1,https://instagram.com/trevondiggs,849705,74
instagram,1,https://instagram.com/jasminejade,628587,20
instagram,1,https://instagram.com/mrsmoniquesamuels,670850,1559
instagram,1,https://instagram.com/heatherkmcmahan,742378,2853
instagram,1,https://instagram.com/tdlockett12,614689,939
instagram,1,https://instagram.com/sarablakely,731051,1046
instagram,1,https://instagram.com/rondesantisfl,842389,339
instagram,1,https://instagram.com/paige_desorbo,842357,601
instagram,1,https://instagram.com/jaredhaibon,692949,861
instagram,1,https://instagram.com/primetime_jet,606722,29
instagram,1,https://instagram.com/primal_gourmet,840048,1287
instagram,1,https://instagram.com/macmcclung37,821885,52
instagram,1,https://instagram.com/thesherylleeralph,821236,1276
instagram,1,https://instagram.com/ryandaviscomedy,547756,163
instagram,1,https://instagram.com/paqjonathan,730535,684
instagram,1,https://instagram.com/minaamonroe,796604,1962
instagram,1,https://instagram.com/morbidpodcast,808258,1021
instagram,1,https://instagram.com/remingtonavenue,806889,1866
instagram,1,https://instagram.com/chanjones55,802863,58
instagram,1,https://instagram.com/nchubb27,523983,13
instagram,1,https://instagram.com/jadecline_,681693,92
instagram,1,https://instagram.com/crystianna.s,798197,1088
instagram,1,https://instagram.com/alanbersten,529230,1691
instagram,1,https://instagram.com/0fficial.karlaaa,630593,318
instagram,1,https://instagram.com/lastname_baker,788691,67
instagram,1,https://instagram.com/churchoflaugh,753150,4083
instagram,1,https://instagram.com/ladiiscorpio,715463,77
instagram,1,https://instagram.com/kelleyflanagan,784855,376
instagram,1,https://instagram.com/vanessagrimaldi30,708334,1220
instagram,1,https://instagram.com/therealtracibraxton,784169,1504
instagram,1,https://instagram.com/realannapaulina,511640,600
instagram,1,https://instagram.com/marykaterob,780003,1549
instagram,1,https://instagram.com/arrowsandbow,775747,1256
instagram,1,https://instagram.com/joytaylortalks,588315,3991
instagram,1,https://instagram.com/malindapanton_ps,773665,516
instagram,1,https://instagram.com/pashkatheboss,769123,482
instagram,1,https://instagram.com/doeboy,615171,61
instagram,1,https://instagram.com/flaujae,768155,249
instagram,1,https://instagram.com/ghettogronk,767003,2453
instagram,2,https://instagram.com/kristinaschulman,644007,766
instagram,1,https://instagram.com/joshbrueckner,764598,1140
instagram,1,https://instagram.com/bubbadub94,550314,919
instagram,1,https://instagram.com/big_boogie_music,759931,786
instagram,1,https://instagram.com/luvcrystalrenee,757618,671
instagram,1,https://instagram.com/alextoussaint25,591664,922
instagram,1,https://instagram.com/jonathankmonroe,567391,181
instagram,1,https://instagram.com/stevenafranz,618101,346
instagram,1,https://instagram.com/toyofficial,753213,163
instagram,1,https://instagram.com/chaninicholas,542397,1654
instagram,1,https://instagram.com/maxokream,505422,116
instagram,1,https://instagram.com/sofiafranklyn,745480,328
instagram,1,https://instagram.com/santothaplugg,624194,104
instagram,1,https://instagram.com/madissonhaus,664487,653
instagram,1,https://instagram.com/kjsmithofficial,738920,155
instagram,1,https://instagram.com/thehumble_21,504597,502
instagram,1,https://instagram.com/naomie_olindo,733328,671
instagram,1,https://instagram.com/brookebaileyinc,639865,333
instagram,1,https://instagram.com/vlfuller,732719,397
instagram,1,https://instagram.com/amandakloots,732594,4377
instagram,1,https://instagram.com/flash_garrett,731144,349
instagram,1,https://instagram.com/chauncysmartt,512979,33
instagram,1,https://instagram.com/itsrgnessa,726270,54
instagram,1,https://instagram.com/luciamanfredii,725822,439
instagram,1,https://instagram.com/phenomenal,725520,500
instagram,1,https://instagram.com/nessnitty,509869,3195
instagram,1,https://instagram.com/skylersimpsonn,721690,397
instagram,1,https://instagram.com/emmanuelsanders,643389,326
instagram,1,https://instagram.com/ftnbae_,620782,79
instagram,1,https://instagram.com/super_sebas_2210,628156,154
instagram,1,https://instagram.com/thegoodthebadthebogie,633326,1148
instagram,1,https://instagram.com/cclaire.bbear,718023,699
instagram,1,https://instagram.com/chloeiscrazy,661746,832
instagram,1,https://instagram.com/exactly.e,555869,139
instagram,1,https://instagram.com/reggieray_,699277,41
instagram,1,https://instagram.com/joleendiaz,638492,454
instagram,1,https://instagram.com/navarro_college_cheer,715629,303
instagram,1,https://instagram.com/urbanthrowbacks,714378,5243
instagram,1,https://instagram.com/squishmallows,713035,852
instagram,1,https://instagram.com/gablesteveson,626868,90
instagram,1,https://instagram.com/sydelcurrylee,709279,1252
instagram,1,https://instagram.com/tiffanymoonmd,704925,1124
instagram,1,https://instagram.com/balockaye.h,703080,462
instagram,1,https://instagram.com/janaegirard,684377,690
instagram,1,https://instagram.com/real_est_even_,702206,443
instagram,1,https://instagram.com/nicky.cass,701986,605
instagram,1,https://instagram.com/madisoncawthorn,700752,516
instagram,1,https://instagram.com/bekah,697416,928
instagram,1,https://instagram.com/ladarius_marshall17,562670,411
instagram,1,https://instagram.com/thekelseyowens,695633,484
instagram,1,https://instagram.com/_micahparsons11,694329,67
instagram,1,https://instagram.com/trey.lance,691661,232
instagram,1,https://instagram.com/toya_turnup,637421,457
instagram,1,https://instagram.com/hannahberner,620406,1400
instagram,1,https://instagram.com/tinsleymortimer,689682,797
instagram,1,https://instagram.com/tarynnewton,688799,2477
instagram,1,https://instagram.com/bresheppard,682522,2281
instagram,1,https://instagram.com/glambycandy_,507313,549
instagram,1,https://instagram.com/torigerbig,679349,1632
instagram,1,https://instagram.com/iceman_nick,625336,945
instagram,1,https://instagram.com/coreyseager5,540253,155
instagram,1,https://instagram.com/saycheesedigital,662752,115
instagram,1,https://instagram.com/reneerapp,653370,204
instagram,1,https://instagram.com/rob_kazi,642683,2590
instagram,1,https://instagram.com/tia_becca_,656661,556
instagram,1,https://instagram.com/chet_holmgren,654796,86
instagram,1,https://instagram.com/nikkisaintclaire,587319,311
instagram,1,https://instagram.com/tammiesangel,646262,28
instagram,1,https://instagram.com/alldaynicco,649845,762
instagram,1,https://instagram.com/imkaylab,622323,129
instagram,1,https://instagram.com/ana.stowell,647291,802
instagram,1,https://instagram.com/josiealesia,545953,577
instagram,1,https://instagram.com/realjaseduckman,637387,258
instagram,1,https://instagram.com/kayla_sessler,631447,550
instagram,1,https://instagram.com/lady._.bosss,634542,413
instagram,1,https://instagram.com/amari,567414,139
instagram,1,https://instagram.com/radioamy,632418,3137
instagram,1,https://instagram.com/davidmichaelwyatt,596232,369
instagram,1,https://instagram.com/jaboowins,631350,512
instagram,1,https://instagram.com/emmalovewell,629502,2091
instagram,1,https://instagram.com/bmotheprince,628876,838
instagram,1,https://instagram.com/yourrage,628490,71
instagram,1,https://instagram.com/monyettashaw,627675,5643
instagram,1,https://instagram.com/grew_up_in_the_70s_and_80s,627561,6324
instagram,1,https://instagram.com/omgheyrose,610540,607
instagram,1,https://instagram.com/yungmal__15,624652,20
instagram,1,https://instagram.com/tanklawrence,563055,666
instagram,1,https://instagram.com/nenaevans,623142,1115
instagram,1,https://instagram.com/maggiemcgaugh,559565,471
instagram,1,https://instagram.com/laurawoodsy,622469,466
instagram,1,https://instagram.com/justinherbert,618146,73
instagram,1,https://instagram.com/amandabatula,589789,1295
instagram,1,https://instagram.com/sarahjoyblog,615118,2199
instagram,1,https://instagram.com/jerryjhlee,612990,821
instagram,1,https://instagram.com/fitdadceo,612574,4070
instagram,1,https://instagram.com/coachkrystal_,609156,1296
instagram,1,https://instagram.com/ih8rxckstxr,607970,610
instagram,1,https://instagram.com/mfisher1212,580828,263
instagram,1,https://instagram.com/allthesmoke,604506,2094
instagram,1,https://instagram.com/imvontee,603447,550
instagram,1,https://instagram.com/ew.democrats,584284,9997
instagram,1,https://instagram.com/its_angebaby,601912,471
instagram,1,https://instagram.com/pga_johndaly,599807,264
instagram,1,https://instagram.com/garydwayne,597566,25
instagram,1,https://instagram.com/lovetiffney,597122,2302
instagram,1,https://instagram.com/dezmachado,595919,77
instagram,1,https://instagram.com/omelly,563206,1685
instagram,1,https://instagram.com/jaydddaa_,595256,38
instagram,1,https://instagram.com/dylanbarbour,542306,303
instagram,1,https://instagram.com/lexxhidalgo,592595,1483
instagram,1,https://instagram.com/the_mommy_talks,592085,6097
instagram,1,https://instagram.com/cadecunn1ngham,590594,39
instagram,1,https://instagram.com/skyhblack,590039,319
instagram,1,https://instagram.com/karrie_locher,589815,1567
instagram,1,https://instagram.com/robyndixon10,587285,1180
instagram,1,https://instagram.com/toyabushharris,586524,2372
instagram,1,https://instagram.com/fav__foreign,584135,107
instagram,1,https://instagram.com/frenchie4oe,584108,223
instagram,1,https://instagram.com/makealabanks,509511,758
instagram,1,https://instagram.com/nataliekennedyblog,582557,1430
instagram,1,https://instagram.com/maliibumiitch,529731,956
instagram,1,https://instagram.com/jesshogancrum,579306,1768
instagram,1,https://instagram.com/annamkahn,578022,665
instagram,1,https://instagram.com/mariojudah,576148,16
instagram,1,https://instagram.com/yhung.chanel_,575408,1215
instagram,1,https://instagram.com/gerrybrooksprin,575280,1843
instagram,1,https://instagram.com/billybentley007,575197,442
instagram,1,https://instagram.com/nestingwithgrace,572699,2278
instagram,2,https://instagram.com/hardstark,570826,2378
instagram,1,https://instagram.com/sauceonlingning,548694,453
instagram,1,https://instagram.com/die.kim,561284,3022
instagram,1,https://instagram.com/little.ms.golden,559972,192
instagram,1,https://instagram.com/edwinacarlaisaac,559596,47
instagram,1,https://instagram.com/cottonstem,559460,987
instagram,1,https://instagram.com/denalifoxx,558836,199
instagram,1,https://instagram.com/fiftydeuce,558253,92
instagram,1,https://instagram.com/ziwef,557142,112
instagram,1,https://instagram.com/shilosanders,525011,247
instagram,1,https://instagram.com/vanlathan,555343,2601
instagram,1,https://instagram.com/janenecrossley,551626,1970
instagram,1,https://instagram.com/diorr,551196,72
instagram,1,https://instagram.com/things.i.bought.and.liked,550757,211
instagram,1,https://instagram.com/popsthefather,549979,174
instagram,1,https://instagram.com/camilaainc,539214,913
instagram,1,https://instagram.com/dwightschrutee,546842,1948
instagram,1,https://instagram.com/lindshubbs,544073,1389
instagram,1,https://instagram.com/officialmightyniecy,510549,247
instagram,1,https://instagram.com/teddyb_h2o,543424,58
instagram,1,https://instagram.com/mjgrimsley1001,541898,402
instagram,1,https://instagram.com/historicalhomesofamerica,541271,3114
instagram,1,https://instagram.com/kk.myloveenazir,541075,526
instagram,1,https://instagram.com/camreddish,539785,18
instagram,1,https://instagram.com/airrack,539782,418
instagram,1,https://instagram.com/itsbadkidtalan,531182,30
instagram,1,https://instagram.com/destroylonely,530748,3
instagram,1,https://instagram.com/officialkarenhuger,529536,1374
instagram,1,https://instagram.com/babyyhairz,528770,233
instagram,1,https://instagram.com/jalensuggs,528674,112
instagram,1,https://instagram.com/garywinthorpe,528166,114
instagram,1,https://instagram.com/elleriemarie,526788,35
instagram,1,https://instagram.com/haileynic0le__,515876,927
instagram,1,https://instagram.com/ynjay_,520073,760
instagram,1,https://instagram.com/thewadeempire,516060,1937
instagram,1,https://instagram.com/karlierae,513266,1925
instagram,1,https://instagram.com/meekalina_,518729,34
instagram,1,https://instagram.com/gy_yrigoyen,516957,276
instagram,1,https://instagram.com/lavellerose,513229,234
instagram,1,https://instagram.com/terrellgrice,512918,467
instagram,1,https://instagram.com/petey_usa,512115,414
instagram,1,https://instagram.com/derwinjames,509623,299
instagram,1,https://instagram.com/tinx,507994,1764
instagram,1,https://instagram.com/d1pop,504238,1890
instagram,1,https://instagram.com/rapsheet,504237,1774
instagram,1,https://instagram.com/ordinarypeoplememes,503689,2116
instagram,1,https://instagram.com/pattiegonia,503163,583
instagram,1,https://instagram.com/thehonesthome_,502520,136
instagram,1,https://instagram.com/chalynnmonee,501987,66
instagram,1,https://instagram.com/thehoodhealer,501771,170
instagram,1,https://instagram.com/iamterrencet,500863,454
