label,account
Fashion Shopping,0fficial.krissy
Stand-Up Comedy,1804jackboy
Hair,1badmuthercutter
Football,1brentoncoxjr
Cooking,42_dugggg
Fashion Shopping,4everbrooke
Entrepreneur,600breezy
Football,_4dak
Fashion Shopping,_djuice
Happy / Celebrations,_famous4nothing
Basketball,_hairbytiffany_
Football,_micahparsons11
Michigan,_universe_of_brunette
Cooking,_yungblasiann
Football,abreg_1
Happy / Celebrations,aggyabby
Fashion Shopping,albeeal201
Happy / Celebrations,albertalmorajr
Religion,alcarraway
Cooking,alejandro.barrios1
Fashion Shopping,alexandracooper
Skin & Beauty,allison_sadler_
Fashion Shopping,ally.warren
TV and series,amanda.galmiche
Happy / Celebrations,amandakloots
Religion,amaricooper9
Religion,amberemilysmith
Fashion Shopping,amberharlan
Cooking,amyamybobamy
Football,andrepelzer_
Happy / Celebrations,angelagentrybrown
Fashion Shopping,angelawolffashion
Football,annefrances
Shopping Promo,anthonybarr
Fashion Shopping,ariejr
Cooking,armon.warren
Hair,arrogant_tae123
Fashion Shopping,arrowsandbow
Fashion Shopping,ash.kaashh
Fashion Shopping,ashaiaa
Religion,ashnicolelit
Happy / Celebrations,askaboutaaj
Happy / Celebrations,astarbydesign
Football,awwitskeweezy
Fashion Shopping,azramian
Street Fashion,baby_briiiannaa
Motivation,babyfaceray
Entrepreneur,badazzflo
Street Fashion,baileymstewart
Cooking,ballerinafarm
Football,balockaye.h
Happy / Celebrations,bankroll_pj
Cooking,barbarab3cker
Fashion Shopping,bargain.hunting.blonde
Hair,bbyeileen
Makeup & Cosmetics,beautybyangelicaa
Religion,beautybydcor
Makeup & Cosmetics,beautybyhermosa
Skin & Beauty,beccatilley
Hair,bettycombs
Football,bigsgjamo
Hair,bleachedandblown
Hair,bmrtwins1
Cooking,brandonlinder65
Motivation,bravothebagchaser
Football,brentfaiyaz
Fashion Shopping,bresheppard
Happy / Celebrations,brittanyaldean
U.S. politics,brittneyyevettegriner
Happy / Celebrations,calaiscampbell
Stand-Up Comedy,calenraps
Stand-Up Comedy,callmeskitzo
Cooking,camcardii
Hair,caroline.anythingbutbasic
Religion,carririchardson_
Happy / Celebrations,caseypalmer
Religion,cashgold24k
Street Fashion,cclaire.bbear
Stand-Up Comedy,cellyru
Happy / Celebrations,chasechrisley
Religion,chasedxpe
Cooking,chauncysmartt
Religion,chikalogy
Happy / Celebrations,chrisbharrison
Fashion Shopping,chrisjbukowski
Motivation,chrissylampkin
Football,christianmccaffrey
U.S. politics,christina_rome_
Hair,christinesymondshair
Basketball,cinedirector
Entrepreneur,clarencenyc
Fashion Shopping,claudwithnojob
Motivation,clipper_queen
Fashion Shopping,codyrigsby
Hair,coleen_code_
Hair,colorbyally
Hair,colorwithgrace
Religion,concepts.of.life.and.wellness
Motivation,conjuredhoodoo
Happy / Celebrations,contactevie
Fitness,corierayvon
Hair,cozmic.color
Shopping Promo,cynthia_harper_
Fashion Shopping,d1pop
Fashion Shopping,da_realgent
Happy / Celebrations,daisymarquez_
Happy / Celebrations,damienprincejr
Stand-Up Comedy,dantebasco
Happy / Celebrations,davidmichaelwyatt
Happy / Celebrations,davonnedianne_
Skin & Beauty,dawnsmith_art
Football,dbuck_99
U.S. politics,dc_draino
Football,derekcarrqb
Religion,deshaunwatson
Religion,deyjahimani
Cooking,diorr
Skin & Beauty,djnish07
Football,dk14
Cooking,domowilsonmusic
Skin & Beauty,dr_milhizer
Religion,drewphillips09
Religion,duggarfam
Cooking,dynastyloveyou
TV and series,eagle_wmcm
Fashion Shopping,eatmah_kandy
Cooking,elizabethshealthylife
Fashion Shopping,elleriemarie
Skin & Beauty,elmafit_ish
Cooking,elonzae
Music Festivals,emmakapotes
Cooking,emmanuelacho
Basketball,ericakeelen_hair_love
Religion,ericaleshai
Fashion Shopping,evettexo
Football,ezekielelliott
Happy / Celebrations,famousanita
Football,filayyyy
Stand-Up Comedy,fiona.robert
Skin & Beauty,fitnessfoodiehealthy
Football,flash_garrett
Skin & Beauty,franvphillips
Religion,freddylsx
Football,friday.beers
Hair,gabelustman
Religion,giavanniruffin
Happy / Celebrations,gingerfitnessldn
Basketball,girlwithaboysname
Hair,givemegabrielle
Hair,glamhairbymarie
Fashion Shopping,glynnaiden
U.S. politics,going_boundless
U.S. politics,govkristinoem
Happy / Celebrations,grew_up_in_the_70s_and_80s
Cooking,groverellisor
Entrepreneur,gwennettawright
Happy / Celebrations,hairandmakeupbydivina
TV and series,hairby_chrissy
Fashion Shopping,hairbypen
TV and series,hairbyshaylee
Fashion Shopping,haleyelexis_
Hair,handsomefemalebarber
Happy / Celebrations,hannahanderson___
Stand-Up Comedy,hannahberner
Happy / Celebrations,hannahbrown
Football,hayyrize
Stand-Up Comedy,heatherkmcmahan
Hair,heatheryacendahair
Hair,hello.chantelle
Religion,hellonecole
Happy / Celebrations,heymadinelson
Religion,homeschoolon
Fashion Shopping,honor_lamberty
Horoscope,horo.scopesdaily
Football,iam_joshjacobs
Religion,iamcharlesdavis
Football,iamchrislane
Stand-Up Comedy,iamj.i
Basketball,iamjoyaowens
Religion,iamjustairi
Religion,iammiajaye
Hair,ibanghair
Cooking,iceman_nick
Religion,imbadkidjay
Shopping Promo,imkaylab
Fashion Shopping,immirahbadkid
Cooking,inagarten
Religion,inayah
Fashion Shopping,influencerscreate
Hair,isyglue
Religion,its_angebaby
Fashion Shopping,itsbadkidtalan
Happy / Celebrations,itsjuju
Religion,jackiehillperry
Happy / Celebrations,jadelizroper
Religion,jakedufner
Happy / Celebrations,janiameshell
Football,jaredgoff
Religion,jasminebleu
Happy / Celebrations,jasminejade
Hair,jasminejun
U.S. politics,jaydayoungan
Fashion Shopping,jayrellis
Football,jayt23
Happy / Celebrations,jbatgirlbattle
Motivation,jennyrisher
Skin & Beauty,jennywiththegoodeats
Religion,jessiebrave
Hair,jesstheebesttcolor
Stand-Up Comedy,jessykirson
Fashion Shopping,jew_booo
Stand-Up Comedy,jezzi.b
Happy / Celebrations,jfigggs
Horoscope,jhseidman
Shopping Promo,jillcomesclean
Fashion Shopping,jimmypolo10
Basketball,jnglert
Happy / Celebrations,joealmani
Fashion Shopping,joelle_fletcher
Football,joemainmixon
Michigan,joetattcruz
Football,joeyb_9
Stand-Up Comedy,johnmulaney
Happy / Celebrations,johnnny_yamms3
Fashion Shopping,jonathandavissofficial
Happy / Celebrations,jonrika_norwood_insuranceboss
Happy / Celebrations,joshbrueckner
Motivation,joshua.aaron369719
Fashion Shopping,josiealesia
Happy / Celebrations,joy4site
Football,joytaylortalks
Stand-Up Comedy,jrdguz
Basketball,jrsportbrief
Happy / Celebrations,juice_landry
Happy / Celebrations,julieertz
Happy / Celebrations,just.chelcea
Happy / Celebrations,justfish90
Happy / Celebrations,k1
Skin & Beauty,karrie_locher
Fashion Shopping,katieemo
Happy / Celebrations,katrinastepanianbennett
Happy / Celebrations,kayla_benay
Makeup & Cosmetics,keemachang
Fashion Shopping,kellysweetphoto
Fashion Shopping,kelsiejoymiller
Shopping Promo,kersti.pitre
Stand-Up Comedy,keyglock
Football,killatrav
Happy / Celebrations,kimikouture
Religion,kingathlete
Fashion Shopping,kirapetilli
Happy / Celebrations,kk.myloveenazir
Fashion Shopping,kollincarter
Fashion Shopping,kool.kiy
Happy / Celebrations,krista.horton
Football,kylelarsonracin
Football,kyren.williams
Happy / Celebrations,ladarius_marshall17
Happy / Celebrations,lalakent
Fitness,landri_liftsalot
Religion,lashontae
Football,last_king_2
Football,lastname_baker
Entrepreneur,lasusie
Happy / Celebrations,latainax3
Happy / Celebrations,latewithkate
Happy / Celebrations,laur_akins
Fashion Shopping,lauramgovan
Shopping Promo,laurenelizabethburke
Happy / Celebrations,laurenkostercreative
Happy / Celebrations,leahmesser
Hair,leighalane
Religion,liat.a
Fashion Shopping,lightskinkeisha
Religion,lilbibby_
Happy / Celebrations,lilmeechbmf
Football,lindsaytarpley5
Fashion Shopping,livviedix
Religion,lizagarza
Hair,lizyjung
Happy / Celebrations,lizzymusi
Happy / Celebrations,lootypics
Cooking,luvenchanting
Religion,luvvie
Street Fashion,lydia.0h.lydia
Football,lyndseyteresehair
Hair,madeofegyptiangold
Skin & Beauty,madisonrally
Happy / Celebrations,madissonhaus
Happy / Celebrations,maggiegrigoryan
Entrepreneur,majormindz
Fashion Shopping,makeupbyanab
Motivation,maliibumiitch
Fashion Shopping,malikc_3
Fashion Shopping,malloryervin
Shopping Promo,mallorynikolaushome
Fashion Shopping,mariahthescientist
Happy / Celebrations,marinaandthesummerday
Happy / Celebrations,marinamonee
Stand-Up Comedy,marknormand
Fashion Shopping,marlenedizzle
Happy / Celebrations,mathieu_era
Music Festivals,mauricebenard
Basketball,mccourtytwins
Happy / Celebrations,meekalina_
Michigan,megancrawshaw
Fashion Shopping,melodieofthechains
Happy / Celebrations,micahplath
Fashion Shopping,michelejaliene
Religion,mignon_fof
Happy / Celebrations,mikeevans
Religion,mikeyquince
Stand-Up Comedy,milangarcon
Street Fashion,mixedego
Motivation,mizz_triggaa
Michigan,mollypate2
Motivation,monetarymindset_
Fashion Shopping,moneymenders
Fashion Shopping,mothica
Fashion Shopping,mre.soeur
Happy / Celebrations,mrsmoniquesamuels
Religion,ms_missy_miss
Religion,msheatherrose
Fashion Shopping,myaplanet9
Religion,mylifeaslilyj
Happy / Celebrations,nanycarmen
Happy / Celebrations,naomie_olindo
Happy / Celebrations,nataliaissa
Football,natalieherbick
Cooking,nategawd
Football,navarro_college_cheer
Street Fashion,navygall
Cooking,nellynelmb
Religion,nessnitty
Football,new_era8
Hair,newporthairbytiffany
Basketball,nicoleknoblach
Makeup & Cosmetics,nicolenagel__
Football,no.chill.gil
Happy / Celebrations,nolimitherro
Hair,noradababneh
Skin & Beauty,nursenacole
Hair,officialmightyniecy
Fashion Shopping,omgheyrose
Shopping Promo,onefunnylisamarie
Fashion Shopping,ottestyle
Fashion Shopping,ourgrayhairisbeautiful
Football,ozthementalist
Fashion Shopping,paige_desorbo
Hair,painted.by.carolyn
Football,paolo5
Happy / Celebrations,papiluisito
Religion,paqjonathan
Motivation,pardi
Football,pardonmytake
Fashion Shopping,parkerferris
Football,parkermccollum
Happy / Celebrations,pashadesigns
Fashion Shopping,pattiegonia
Fashion Shopping,peacewellnessandessentialoils
Makeup & Cosmetics,personalisedhairdesign
Religion,phenomenal
Basketball,philipp.christopher
Football,pilot_pete
Football,pitchersnation
Cooking,pnbrock
Motivation,poohshiesty
Cooking,prenatalfarmacist
Happy / Celebrations,presidentmal
Cooking,primal_gourmet
Makeup & Cosmetics,prinmidp_
Fashion Shopping,probablyshannonford
Happy / Celebrations,qangel_rice
Football,quando_rondo
Fashion Shopping,queenkhamyra
Happy / Celebrations,real_estate_chick
Happy / Celebrations,realcj_
Football,redturn2
Cooking,reesemoney300
Happy / Celebrations,regtoofunny
Shopping Promo,remingtonavenue
Fashion Shopping,retro_jojo
Religion,righteous_e
Happy / Celebrations,rileyburruss
Makeup & Cosmetics,rileyduckman
Happy / Celebrations,rilleyymitchell
Hair,robbiesimone
Happy / Celebrations,rodrigueznicolea
Happy / Celebrations,roobensoncredit
Religion,roxannabarajas
Happy / Celebrations,sabrina.bryan
Happy / Celebrations,samglamm
Fashion Shopping,sammyrickey
Stand-Up Comedy,samuelmasonpaul
Hair,sarekaunique
Religion,sassyleesh
Skin & Beauty,sawyer_overway
Football,saycheesedigital
Horoscope,sebastianmikael
Hair,seevanessacraft
Hair,shanellcedeno
Happy / Celebrations,shannongunz
Cooking,shannonsaint
Football,shannonsharpe84
Football,sharife.cooper
Skin & Beauty,sharnaburgess
Happy / Celebrations,shawnjohnson
Football,sheknowssports_
Football,showtyme_33
Stand-Up Comedy,sierraelizabethferrell
Michigan,simplylauriephotography
Hair,singi.vo
Religion,skyemorales
Fashion Shopping,slaybyella_
Makeup & Cosmetics,slayedbysila_
Basketball,smiley_family_records
Entrepreneur,social_snob
Happy / Celebrations,songlistmusic
Fashion Shopping,springyjeans
Fashion Shopping,stassischroeder
Fashion Shopping,statikleo
Stand-Up Comedy,stavvybaby2
Cooking,steftraynor
Entrepreneur,stevenguyen
Cooking,stevenrinella
Cooking,styledby_jocelyn
Hair,stylishlystella
Happy / Celebrations,sunisalee
Hair,sweetmelissagrace
Happy / Celebrations,sydelcurrylee
Religion,sydneymclaughlin16
Happy / Celebrations,sydnijfit
Football,t_smooth23
Happy / Celebrations,taeadams
Hair,tashatripphair
Happy / Celebrations,taylor.selfridge
Football,tdlockett12
Happy / Celebrations,teresakovalak
Shopping Promo,the_mommy_talks
Skin & Beauty,the_nourishingproject
U.S. politics,the_typical_liberal
Religion,thebatesfam
Happy / Celebrations,thebenkaplan
Stand-Up Comedy,thechanelcartel
TV and series,thechosentvseries
Skin & Beauty,thedalialoc
Hair,thehairstylish
Religion,thehoodhealer
Football,thejasonivy
Happy / Celebrations,thelaurencrocker
Makeup & Cosmetics,themakeupexpert
Hair,theniksters
Hair,theprettymess
Happy / Celebrations,therealaliwentworth
Hair,therealcindyth0ngs
Entrepreneur,therealkellycardenas
Shopping Promo,thereallyricmichell
Happy / Celebrations,therealtracibraxton
Entrepreneur,therealxt
Fashion Shopping,therobinlynnstyle
Entrepreneur,thesherylleeralph
Fashion Shopping,theyasminelopez
Happy / Celebrations,thugginn
Skin & Beauty,tia_becca_
Religion,tiffany_hbic_pollard
Happy / Celebrations,tina.michaela.23
Happy / Celebrations,traceyeedmonds
Happy / Celebrations,traceyjeanne
Football,trevondiggs
Cooking,tyfry.3
Religion,tylepley
Religion,tylerinacoma
Happy / Celebrations,tylerjcameron
Skin & Beauty,vanessagrimaldi30
Cooking,ventureswithtrav
U.S. politics,verenapuhm
Makeup & Cosmetics,viva_glam_kay
Fashion Shopping,vixenblvd
Hair,vtgesther
Street Fashion,watchingnewyork
Happy / Celebrations,witneycarson
Cooking,wolfiesmom
Cooking,xtreme_heat
Cooking,yachecia
Fashion Shopping,yesidonails.thenorthsidebarbie
Happy / Celebrations,yhung.chanel_
Skin & Beauty,yourbestiebecky
Fashion Shopping,yourrage
Religion,yungeenace
Football,zachertz
Entrepreneur,zeke.pike
Happy / Celebrations,zonniquejailee
